user_id,age,monthly_watch_hours,avg_session_duration,number_of_sessions,movies_watched,series_watched,documentaries_watched,subscription_months,monthly_fee,support_requests,days_since_last_login,likes_given,ratings_count,watchlist_items,device_count,churn,user_type
1,18,94.28,104.04,43,33,15,8,5,699,3,0,33,26,47,3,0,binge_watcher
2,30,16.02,16.77,12,4,3,2,13,299,0,16,10,4,5,1,1,casual_viewer
3,25,38.13,69.69,29,14,8,7,7,499,2,1,34,7,45,3,0,regular_viewer
4,45,87.41,138.98,39,11,33,3,27,499,0,1,42,63,55,5,0,binge_watcher
5,43,35.85,77.63,40,15,5,5,26,399,2,3,20,19,34,3,1,regular_viewer
6,35,98.02,149.34,38,17,13,5,15,499,0,1,102,55,47,5,0,binge_watcher
7,47,9.37,25.86,9,4,1,2,19,399,5,39,5,1,2,3,1,at_risk_user
8,32,75.08,93.71,52,10,14,10,56,899,1,4,150,21,122,3,0,premium_loyal_user
9,26,96.91,99.64,53,23,17,7,3,699,2,4,127,37,84,2,0,binge_watcher
10,60,38.35,59.52,29,17,6,5,36,399,2,5,41,5,17,3,0,regular_viewer
11,44,70.74,98.33,61,10,9,15,49,699,0,1,124,80,156,7,0,premium_loyal_user
12,37,84.0,133.97,69,34,35,3,25,499,3,5,113,62,76,5,0,binge_watcher
13,39,25.56,37.01,15,4,0,0,12,299,0,5,1,5,3,1,0,casual_viewer
14,54,60.78,85.95,36,14,11,2,31,499,1,3,16,8,52,4,0,regular_viewer
15,23,31.66,21.72,21,5,10,6,16,399,0,3,22,22,38,2,0,regular_viewer
16,35,47.79,55.79,43,18,12,1,7,399,0,3,20,18,41,4,0,regular_viewer
17,23,45.34,60.85,30,9,11,3,19,499,0,3,28,11,13,1,0,regular_viewer
18,55,4.68,38.91,14,3,0,0,14,299,0,5,7,6,4,1,0,casual_viewer
19,23,11.06,42.72,14,6,2,1,11,399,0,11,12,2,10,2,0,casual_viewer
20,29,90.86,86.47,61,11,9,12,31,899,0,2,152,28,147,4,0,premium_loyal_user
21,52,15.62,19.19,18,1,4,2,11,299,0,11,3,1,18,1,0,casual_viewer
22,40,79.87,160.64,51,26,27,4,4,399,3,2,35,15,62,3,0,binge_watcher
23,48,34.99,54.94,18,6,5,6,34,399,2,0,33,23,45,2,0,regular_viewer
24,41,26.62,22.31,19,1,2,1,11,299,2,6,11,8,14,1,1,casual_viewer
25,28,28.83,31.74,20,7,0,1,12,399,1,10,8,2,4,2,1,casual_viewer
26,39,80.46,123.3,47,17,21,16,32,699,0,1,91,62,70,3,1,premium_loyal_user
27,52,22.23,84.92,35,10,4,1,34,499,0,4,12,8,48,4,0,regular_viewer
28,52,55.9,71.67,49,14,12,4,63,899,0,4,158,88,122,4,0,premium_loyal_user
29,39,11.67,22.62,7,5,4,2,11,399,1,15,9,8,5,1,0,casual_viewer
30,61,7.97,16.44,10,2,1,2,1,399,3,27,6,4,9,3,1,at_risk_user
31,33,27.28,58.13,43,16,6,6,8,499,2,5,15,31,70,2,0,regular_viewer
32,30,19.11,37.95,13,2,3,3,11,299,2,15,15,6,8,1,0,casual_viewer
33,24,18.75,26.7,18,8,0,1,14,299,1,7,14,8,18,2,1,casual_viewer
34,57,11.35,5,7,4,1,0,24,399,4,30,3,5,4,3,1,at_risk_user
35,46,22.35,39.61,10,6,2,0,3,299,0,15,4,3,3,2,0,casual_viewer
36,31,126.48,145.2,59,34,30,0,27,699,3,3,30,60,58,5,0,binge_watcher
37,44,1.67,18.51,10,1,1,0,9,399,4,15,6,2,10,3,1,at_risk_user
38,54,106.88,60.5,59,8,22,10,55,699,0,3,57,79,58,3,0,premium_loyal_user
39,49,37.14,82.49,30,9,10,3,32,399,1,0,57,22,13,3,0,regular_viewer
40,20,18.39,5.68,9,1,4,1,4,299,1,6,6,7,9,2,0,casual_viewer
41,41,88.83,77.39,45,19,15,0,12,699,3,3,121,40,29,3,0,binge_watcher
42,63,79.15,54.83,61,9,13,12,45,899,0,4,122,63,36,6,0,premium_loyal_user
43,41,10.58,18.04,17,3,3,1,12,399,2,18,14,6,19,2,0,casual_viewer
44,25,43.02,76.15,42,12,10,3,6,499,1,2,41,11,32,3,0,regular_viewer
45,62,11.72,14.16,9,1,0,0,24,399,4,49,3,5,7,3,1,at_risk_user
46,21,50.9,65.86,40,8,8,6,24,499,1,8,43,16,37,3,0,regular_viewer
47,39,44.96,67.61,24,10,5,6,23,399,0,3,57,20,27,3,1,regular_viewer
48,43,71.33,96.21,25,25,10,8,20,699,1,1,121,82,48,3,0,premium_loyal_user
49,48,31.0,92.77,26,18,11,1,32,399,1,7,14,23,50,1,0,regular_viewer
50,44,79.75,91.93,60,21,17,13,68,699,1,3,156,76,73,7,1,premium_loyal_user
51,59,68.59,74.07,21,17,7,6,12,499,2,1,20,12,21,1,0,regular_viewer
52,58,42.47,60.73,27,16,8,6,33,499,0,3,26,30,60,2,0,regular_viewer
53,38,103.39,142.72,44,12,13,2,28,499,2,3,45,74,108,4,0,binge_watcher
54,50,3.84,19.6,10,0,1,2,11,499,3,15,1,1,10,3,1,at_risk_user
55,35,8.96,25.61,8,8,4,3,5,299,2,16,15,1,16,2,0,casual_viewer
56,26,50.6,49.54,40,12,8,6,36,499,2,0,39,7,30,3,0,regular_viewer
57,43,12.94,9.39,1,4,1,1,2,299,5,37,7,5,7,1,0,at_risk_user
58,27,69.22,141.43,42,10,32,3,25,399,2,4,31,67,31,3,1,binge_watcher
59,47,13.46,17.75,3,3,2,1,17,499,3,40,7,3,3,2,1,at_risk_user
60,58,24.46,58.4,45,6,8,7,31,499,1,8,27,31,10,3,0,regular_viewer
61,62,87.4,84.86,34,22,16,11,40,899,1,3,159,61,146,4,1,premium_loyal_user
62,42,19.07,55.63,6,6,3,3,7,299,1,4,4,8,19,2,1,casual_viewer
63,53,96.69,108.18,25,12,14,17,59,699,0,3,140,53,78,7,0,premium_loyal_user
64,45,82.22,161.94,69,22,22,7,20,399,0,1,110,51,49,2,0,binge_watcher
65,24,9.34,41.4,20,1,0,2,13,299,1,14,11,6,5,1,0,casual_viewer
66,43,99.75,140.72,74,22,31,3,18,699,1,1,89,47,78,4,0,binge_watcher
67,47,12.9,14.12,3,0,1,1,19,399,6,41,4,3,4,1,1,at_risk_user
68,31,71.57,108.37,61,17,19,8,19,899,1,0,112,107,134,3,0,premium_loyal_user
69,43,71.75,72.15,47,15,18,7,57,899,0,0,155,100,117,3,0,premium_loyal_user
70,57,41.49,65.98,27,10,10,2,12,399,2,5,43,21,68,3,0,regular_viewer
71,50,53.19,57.45,45,10,5,4,36,399,0,3,53,28,53,4,1,regular_viewer
72,48,82.67,94.69,41,25,9,11,41,899,1,2,53,106,64,6,0,premium_loyal_user
73,53,5.42,32.9,2,3,2,1,21,399,1,22,0,0,4,2,0,at_risk_user
74,52,22.34,44.93,16,7,4,1,7,299,1,16,8,0,12,1,0,casual_viewer
75,41,12.94,30.0,9,2,0,1,9,299,1,43,1,5,3,3,1,at_risk_user
76,21,8.68,15.45,3,4,0,0,18,299,5,27,3,2,12,1,1,at_risk_user
77,26,101.34,112.84,43,27,20,2,6,699,0,1,31,60,120,3,0,binge_watcher
78,34,27.34,41.38,14,2,0,3,8,399,2,6,14,8,8,1,1,casual_viewer
79,60,3.61,20.66,1,0,1,1,14,499,1,45,7,0,1,2,1,at_risk_user
80,35,12.35,23.79,17,6,3,2,8,399,0,6,6,6,15,1,0,casual_viewer
81,50,64.21,89.05,52,18,18,8,41,699,1,0,51,30,46,6,0,premium_loyal_user
82,33,51.3,76.7,60,25,13,14,25,899,1,3,151,26,158,5,0,premium_loyal_user
83,56,39.21,59.6,33,8,5,3,33,499,0,4,46,12,61,4,0,regular_viewer
84,57,3.66,13.55,1,4,2,2,9,299,2,31,4,2,5,1,0,at_risk_user
85,43,26.93,43.35,6,2,4,1,7,399,1,13,5,5,10,2,1,casual_viewer
86,20,102.78,114.1,74,11,33,1,11,499,3,3,107,71,73,4,0,binge_watcher
87,42,37.62,65.22,39,14,11,5,27,499,0,3,35,24,13,1,0,regular_viewer
88,26,8.29,14.59,2,0,1,2,14,299,2,38,8,5,3,3,1,at_risk_user
89,29,127.2,149.37,37,23,12,7,5,499,3,4,81,68,57,2,0,binge_watcher
90,28,9.76,10.16,6,0,1,0,8,399,5,39,8,0,6,2,1,at_risk_user
91,28,25.54,42.85,14,4,2,2,12,299,0,6,4,4,7,1,0,casual_viewer
92,29,81.41,112.8,56,22,20,13,66,899,1,2,59,76,43,6,0,premium_loyal_user
93,37,37.18,52.41,20,9,11,4,7,399,1,4,14,25,65,1,0,regular_viewer
94,49,23.26,41.99,41,5,11,7,24,399,1,7,42,9,13,4,0,regular_viewer
95,39,9.67,21.58,3,0,0,2,15,399,5,47,2,2,5,2,1,at_risk_user
96,63,90.04,93.21,46,10,13,5,53,899,1,2,132,104,158,7,0,premium_loyal_user
97,57,33.48,31.36,27,15,10,2,25,399,1,8,34,25,60,3,0,regular_viewer
98,44,153.28,93.71,68,12,32,6,19,499,0,2,69,38,47,4,1,binge_watcher
99,34,50.8,60.0,27,18,5,5,30,399,2,5,59,24,18,4,0,regular_viewer
100,28,17.68,31.47,11,4,3,2,13,399,0,10,9,7,7,2,0,casual_viewer
101,32,80.78,130.43,59,26,28,6,8,399,1,2,36,76,67,2,0,binge_watcher
102,27,41.29,84.84,26,12,12,2,32,499,0,3,38,33,32,1,0,regular_viewer
103,43,47.88,108.22,29,8,4,3,35,399,2,5,60,9,18,1,0,regular_viewer
104,33,70.94,64.78,64,8,22,5,19,899,0,1,110,97,102,6,0,premium_loyal_user
105,39,50.32,67.67,38,17,11,1,9,499,2,8,11,25,42,2,0,regular_viewer
106,20,39.43,52.65,31,7,5,5,17,399,2,8,42,30,42,1,0,regular_viewer
107,60,37.67,69.46,41,5,9,7,8,499,0,1,59,23,57,3,0,regular_viewer
108,41,47.41,51.42,42,15,11,6,21,399,0,1,55,29,70,4,0,regular_viewer
109,30,21.94,28.13,10,7,4,3,5,299,2,9,9,5,2,2,0,casual_viewer
110,52,89.01,66.0,49,18,10,11,62,899,1,4,74,30,128,6,0,premium_loyal_user
111,44,101.35,146.16,41,12,22,4,12,499,3,1,118,71,64,5,0,binge_watcher
112,47,57.97,72.29,65,9,9,14,58,899,1,4,142,106,55,3,0,premium_loyal_user
113,43,86.35,130.51,50,34,32,5,14,499,0,4,49,72,67,4,0,binge_watcher
114,26,12.06,32.77,16,5,1,0,1,299,1,15,3,4,9,2,0,casual_viewer
115,40,113.11,108.69,42,14,14,7,8,699,3,0,117,55,105,4,0,binge_watcher
116,27,122.27,90.5,80,32,34,2,28,499,1,0,55,32,50,5,0,binge_watcher
117,29,44.69,141.26,43,29,14,1,12,499,3,4,82,67,93,2,0,binge_watcher
118,24,30.64,67.0,29,7,12,6,24,399,0,6,42,34,65,1,0,regular_viewer
119,39,49.51,71.38,40,8,9,5,34,499,0,4,22,25,45,3,0,regular_viewer
120,54,56.92,71.89,36,14,6,2,27,499,2,0,11,7,12,3,0,regular_viewer
121,51,67.26,81.98,65,25,12,14,37,899,0,3,78,78,44,3,0,premium_loyal_user
122,49,48.89,79.64,28,18,9,6,33,499,1,2,58,16,42,1,0,regular_viewer
123,37,39.76,62.57,19,9,10,7,25,499,0,2,30,34,46,3,0,regular_viewer
124,50,5.93,40.11,13,1,0,3,9,399,0,9,11,0,2,2,0,casual_viewer
125,59,6.46,15.47,1,0,1,0,9,499,3,39,5,0,6,1,1,at_risk_user
126,53,16.58,46.51,13,5,4,0,3,299,1,14,10,8,12,1,0,casual_viewer
127,52,47.73,61.06,40,10,11,5,20,399,2,8,18,15,69,3,0,regular_viewer
128,37,4.04,16.05,9,4,1,2,19,399,4,15,5,2,10,1,1,at_risk_user
129,43,124.37,91.27,75,10,31,7,11,699,1,5,36,76,41,5,0,binge_watcher
130,19,69.9,105.85,47,10,26,5,16,399,3,5,56,67,84,5,0,binge_watcher
131,28,65.02,64.07,60,18,18,11,51,899,1,1,98,88,78,7,0,premium_loyal_user
132,41,62.45,77.5,40,16,16,8,32,899,1,1,128,110,97,5,0,premium_loyal_user
133,43,92.37,102.3,71,31,29,6,15,499,1,2,35,51,111,2,0,binge_watcher
134,36,44.88,49.59,44,13,8,5,28,499,0,1,49,28,47,2,0,regular_viewer
135,34,97.0,145.15,41,23,22,7,6,699,1,0,100,35,72,5,0,binge_watcher
136,36,14.26,50.59,20,2,4,1,9,299,0,16,5,0,13,2,0,casual_viewer
137,43,71.46,83.28,61,11,22,9,36,899,1,1,148,84,94,5,0,premium_loyal_user
138,28,16.97,17.77,17,3,0,2,13,399,2,9,5,6,14,2,0,casual_viewer
139,23,115.37,121.34,50,10,20,6,10,499,2,2,68,16,53,4,0,binge_watcher
140,25,14.54,36.53,16,5,0,2,6,299,0,7,15,2,15,2,0,casual_viewer
141,33,96.5,74.66,48,34,19,1,19,499,2,0,102,29,27,3,0,binge_watcher
142,38,21.95,24.73,16,4,4,3,2,399,0,17,4,8,14,2,0,casual_viewer
143,39,105.1,82.96,60,18,12,3,21,399,0,3,74,23,89,2,1,binge_watcher
144,48,24.03,37.44,18,3,3,2,7,399,1,15,2,8,5,2,0,casual_viewer
145,43,1.65,19.38,4,0,0,1,15,499,6,48,6,4,6,1,0,at_risk_user
146,37,52.69,88.34,42,6,4,7,27,499,2,0,25,11,14,1,0,regular_viewer
147,23,45.1,64.51,32,8,12,2,30,399,0,8,28,12,62,3,0,regular_viewer
148,45,72.52,121.67,58,15,14,8,35,699,0,3,111,83,41,5,0,premium_loyal_user
149,43,67.54,118.38,61,14,21,6,8,699,3,1,58,53,110,3,0,binge_watcher
150,53,4.46,26.87,9,1,1,0,9,299,3,55,1,3,5,1,1,at_risk_user
151,28,67.4,111.76,63,9,21,5,30,699,1,1,151,62,73,3,0,premium_loyal_user
152,25,17.8,14.9,20,4,4,1,7,299,2,13,9,6,15,2,0,casual_viewer
153,51,27.39,65.73,41,12,9,2,17,499,1,0,46,32,24,2,0,regular_viewer
154,36,78.55,111.11,44,16,22,3,15,699,1,3,100,58,52,5,1,binge_watcher
155,33,66.64,136.08,57,15,16,8,18,399,0,4,34,24,105,2,0,binge_watcher
156,60,46.82,83.35,18,8,12,4,17,399,2,7,52,20,11,1,0,regular_viewer
157,21,37.12,57.79,27,5,12,7,28,499,0,1,16,21,19,2,0,regular_viewer
158,44,75.45,164.49,40,21,24,7,21,399,1,2,117,25,103,2,0,binge_watcher
159,55,30.93,63.21,40,7,5,4,33,499,2,5,46,32,16,1,0,regular_viewer
160,62,11.46,15.36,1,0,2,1,18,499,6,16,2,2,0,1,1,at_risk_user
161,50,81.41,78.44,61,15,17,17,72,899,1,3,136,37,136,3,0,premium_loyal_user
162,21,10.38,25.77,2,2,2,2,20,399,3,15,4,3,7,1,1,at_risk_user
163,45,10.09,32.99,7,0,2,1,8,499,1,19,4,1,6,3,1,at_risk_user
164,42,16.84,40.2,6,5,3,2,13,399,0,7,2,2,14,2,0,casual_viewer
165,26,54.22,62.3,20,14,9,7,18,399,1,6,34,29,15,2,0,regular_viewer
166,42,20.3,43.31,10,8,1,0,3,399,1,16,9,7,3,2,0,casual_viewer
167,60,31.16,60.55,32,6,6,3,6,499,1,6,31,19,31,4,0,regular_viewer
168,63,78.65,96.95,37,23,13,6,43,899,1,3,113,51,76,6,0,premium_loyal_user
169,48,84.58,100.21,62,25,10,14,67,699,1,1,96,57,141,3,0,premium_loyal_user
170,51,66.18,76.28,44,15,12,14,27,899,1,0,97,96,96,7,0,premium_loyal_user
171,46,27.97,52.82,29,16,12,5,26,399,0,3,52,26,32,2,0,regular_viewer
172,43,23.27,32.77,18,7,0,0,2,399,0,10,14,5,13,2,1,casual_viewer
173,34,131.64,204.23,65,13,21,6,5,399,1,2,69,58,78,3,0,binge_watcher
174,26,30.7,68.78,28,6,8,1,31,399,0,5,51,8,53,2,1,regular_viewer
175,58,74.05,94.46,60,21,15,7,69,899,0,1,121,104,90,6,0,premium_loyal_user
176,24,76.88,134.24,35,32,18,3,11,699,0,4,43,38,66,4,0,binge_watcher
177,49,9.56,32.03,15,7,4,3,10,299,1,14,14,2,10,1,0,casual_viewer
178,35,42.83,68.97,40,7,12,4,19,399,2,6,37,10,41,2,0,regular_viewer
179,28,52.4,86.59,37,5,9,1,21,399,0,6,45,21,51,4,0,regular_viewer
180,48,40.86,60.44,18,17,7,3,7,499,0,8,28,10,59,4,0,regular_viewer
181,56,63.0,82.29,32,16,20,12,70,899,0,3,109,47,89,3,0,premium_loyal_user
182,25,74.71,227.1,63,18,23,1,17,399,1,1,124,59,110,5,0,binge_watcher
183,31,22.22,14.99,15,6,4,2,10,299,1,12,9,4,17,1,0,casual_viewer
184,51,110.94,57.5,33,12,11,6,63,899,0,3,102,38,108,5,0,premium_loyal_user
185,24,31.25,37.0,20,11,12,6,14,499,1,7,30,23,10,1,0,regular_viewer
186,42,55.48,38.38,30,8,10,7,12,499,1,5,28,15,45,2,0,regular_viewer
187,41,58.34,44.31,19,6,11,1,9,399,1,7,10,35,37,2,1,regular_viewer
188,59,5.39,39.37,5,0,2,1,9,299,3,56,2,0,6,3,1,at_risk_user
189,25,87.89,130.27,41,10,18,7,5,399,1,4,117,71,21,2,0,binge_watcher
190,52,64.11,65.74,39,20,9,15,69,699,0,2,87,58,52,6,0,premium_loyal_user
191,33,55.8,63.98,29,24,17,4,57,699,1,2,132,47,115,4,0,premium_loyal_user
192,32,99.88,115.81,41,14,15,6,14,499,2,1,61,50,102,2,0,binge_watcher
193,41,70.6,94.56,79,10,33,4,9,699,1,5,80,52,102,2,0,binge_watcher
194,40,62.67,85.28,56,10,16,18,18,899,1,1,89,92,88,5,0,premium_loyal_user
195,48,27.87,29.19,6,2,0,2,4,299,0,15,9,8,14,2,0,casual_viewer
196,52,14.64,33.38,7,5,0,1,13,299,2,13,12,1,10,2,1,casual_viewer
197,28,71.18,125.91,32,22,17,13,21,899,0,0,41,110,52,3,0,premium_loyal_user
198,51,1,20.19,5,1,1,0,24,399,6,21,0,2,12,2,1,at_risk_user
199,54,13.11,24.91,14,6,0,3,14,299,1,8,8,1,19,1,0,casual_viewer
200,22,45.99,58.17,19,12,9,4,35,399,0,0,45,30,68,4,0,regular_viewer
201,40,44.46,65.99,29,6,12,6,34,399,0,3,43,6,35,1,0,regular_viewer
202,44,61.11,105.2,25,19,11,8,54,899,0,3,87,95,159,6,1,premium_loyal_user
203,59,70.74,71.53,25,21,8,7,52,899,0,2,40,104,83,5,0,premium_loyal_user
204,25,54.82,159.46,44,32,20,1,4,399,3,5,77,73,115,2,0,binge_watcher
205,60,46.68,54.65,36,5,10,6,36,399,0,4,26,32,30,4,0,regular_viewer
206,45,59.54,88.84,37,12,20,16,55,699,0,0,61,77,94,5,0,premium_loyal_user
207,42,99.07,148.19,51,13,14,2,28,699,2,5,119,20,47,4,0,binge_watcher
208,29,90.47,130.38,54,18,17,0,15,499,1,0,89,28,37,2,0,binge_watcher
209,39,89.04,109.55,48,10,17,13,34,699,0,0,65,102,91,4,0,premium_loyal_user
210,46,95.72,114.92,28,13,22,13,45,899,1,0,88,107,89,4,0,premium_loyal_user
211,35,6.45,40.33,1,4,2,2,8,499,3,45,6,4,7,1,0,at_risk_user
212,46,51.49,89.62,34,8,12,7,6,499,2,5,40,22,60,4,0,regular_viewer
213,28,86.34,136.38,55,29,19,0,28,499,0,3,97,60,118,3,1,binge_watcher
214,33,16.86,56.97,20,1,1,3,6,299,0,10,10,5,19,1,0,casual_viewer
215,56,33.15,52.49,24,18,11,5,15,399,1,0,15,6,24,2,0,regular_viewer
216,41,50.83,55.04,22,10,6,7,33,499,0,0,19,23,55,2,0,regular_viewer
217,48,84.06,80.73,50,11,13,8,38,699,0,3,141,101,157,6,0,premium_loyal_user
218,53,13.21,9.13,18,6,1,1,7,399,2,12,4,2,1,2,1,casual_viewer
219,61,89.95,89.94,64,15,18,13,24,899,0,2,135,29,65,5,1,premium_loyal_user
220,23,21.89,18.91,17,6,3,0,5,299,0,5,11,4,4,1,0,casual_viewer
221,46,65.39,53.99,33,11,9,5,18,399,1,3,20,19,14,1,0,regular_viewer
222,26,50.45,64.12,30,7,5,5,36,399,1,7,55,5,37,2,0,regular_viewer
223,23,50.46,66.05,24,11,12,6,35,499,2,4,29,12,16,1,0,regular_viewer
224,33,104.7,146.78,62,12,21,7,9,399,0,1,51,52,30,5,0,binge_watcher
225,45,24.13,65.78,26,6,12,4,11,499,1,5,21,19,12,3,0,regular_viewer
226,37,39.74,56.63,40,15,5,1,27,499,2,6,58,23,24,1,0,regular_viewer
227,51,92.33,79.12,55,15,15,8,23,899,0,4,113,86,137,7,0,premium_loyal_user
228,21,113.66,115.42,45,16,18,2,4,499,0,5,85,40,100,3,0,binge_watcher
229,24,55.89,69.94,35,10,8,5,20,399,2,8,60,18,17,4,0,regular_viewer
230,36,97.24,58.74,41,28,15,4,20,499,3,2,79,77,93,5,0,binge_watcher
231,29,33.87,44.67,30,5,10,3,28,399,0,7,27,33,33,1,0,regular_viewer
232,44,66.69,105.56,31,15,10,8,65,899,1,2,133,73,112,3,0,premium_loyal_user
233,44,17.42,14.77,19,6,0,1,2,399,2,15,4,8,19,1,0,casual_viewer
234,37,75.91,73.35,54,9,22,9,63,699,1,2,145,79,99,6,0,premium_loyal_user
235,19,18.35,48.88,13,3,3,2,6,299,1,5,9,0,13,1,0,casual_viewer
236,24,111.2,93.39,78,16,20,6,19,399,0,3,46,37,96,2,0,binge_watcher
237,27,88.44,82.18,52,23,24,5,17,499,1,3,68,65,94,2,0,binge_watcher
238,41,3.03,17.45,5,2,2,0,16,299,3,31,5,2,4,3,1,at_risk_user
239,37,9.82,32.06,4,0,2,1,22,399,6,22,0,5,7,2,1,at_risk_user
240,44,43.9,40.23,36,18,7,3,29,399,2,8,50,30,40,3,0,regular_viewer
241,60,72.85,92.41,33,16,19,16,53,699,1,0,68,65,63,5,0,premium_loyal_user
242,41,7.78,29.49,2,3,0,2,19,499,5,18,7,1,8,1,1,at_risk_user
243,39,27.71,75.76,22,7,7,3,19,499,0,5,55,10,59,1,0,regular_viewer
244,23,92.59,133.92,63,18,18,2,21,399,3,0,46,70,101,5,0,binge_watcher
245,42,12.94,22.33,6,0,1,2,7,299,6,14,3,1,11,2,1,at_risk_user
246,50,14.92,31.16,19,1,2,2,8,399,1,7,10,7,12,1,0,casual_viewer
247,43,10.83,22.77,3,1,2,0,19,499,2,21,5,5,10,1,1,at_risk_user
248,42,89.45,123.09,38,31,15,0,4,699,0,3,86,63,35,4,0,binge_watcher
249,18,15.21,51.76,16,5,4,1,7,299,2,6,9,1,4,2,0,casual_viewer
250,34,25.91,6.87,11,7,2,1,1,399,0,18,10,3,1,1,0,casual_viewer
251,54,6.89,17.53,2,4,0,2,24,299,3,55,3,3,4,2,1,at_risk_user
252,29,26.25,18.32,11,6,3,0,2,299,0,7,5,5,12,2,1,casual_viewer
253,25,38.62,69.86,21,11,10,4,14,499,2,7,36,25,66,2,0,regular_viewer
254,19,129.49,118.76,41,23,30,7,28,699,3,1,108,63,119,4,0,binge_watcher
255,33,52.74,87.21,51,22,8,5,34,899,0,4,138,93,127,7,0,premium_loyal_user
256,39,1.94,20.35,10,0,1,2,24,299,4,36,6,1,8,3,0,at_risk_user
257,23,74.75,123.9,66,15,14,7,13,399,2,2,36,79,48,5,0,binge_watcher
258,47,10.65,40.38,7,8,3,2,2,399,2,3,3,6,14,1,0,casual_viewer
259,23,22.0,5.22,16,5,4,1,11,399,1,14,1,3,15,2,0,casual_viewer
260,33,91.44,98.98,63,13,15,3,3,499,2,5,67,62,109,2,0,binge_watcher
261,26,22.31,17.21,12,2,2,1,4,299,1,9,14,3,11,1,1,casual_viewer
262,55,27.05,52.69,13,3,3,0,9,299,2,16,15,8,6,1,1,casual_viewer
263,42,13.5,21.31,11,7,3,1,5,399,1,12,14,2,5,2,0,casual_viewer
264,50,6.12,35.34,6,4,2,0,7,299,5,59,4,5,5,3,0,at_risk_user
265,23,67.3,123.95,55,32,15,5,20,499,3,5,125,51,74,2,0,binge_watcher
266,27,19.94,36.34,10,3,2,2,3,299,2,12,6,8,2,2,1,casual_viewer
267,53,24.53,20.16,14,7,1,2,12,299,1,15,13,5,18,1,0,casual_viewer
268,59,58.48,38.15,32,18,7,6,28,499,2,8,57,24,22,2,0,regular_viewer
269,22,19.43,41.84,14,2,3,0,7,399,2,11,4,2,19,2,0,casual_viewer
270,29,67.26,68.56,37,5,8,4,31,499,0,5,43,12,21,1,0,regular_viewer
271,52,15.44,33.78,9,4,2,2,6,399,0,18,0,1,12,2,0,casual_viewer
272,37,95.2,132.98,55,22,15,6,11,699,2,0,96,62,85,5,0,binge_watcher
273,32,43.23,65.62,21,7,12,5,6,399,0,3,53,18,63,1,0,regular_viewer
274,52,48.48,51.03,34,8,15,15,39,699,0,0,46,42,136,5,0,premium_loyal_user
275,25,110.61,109.8,63,30,24,6,13,399,3,5,45,15,102,2,0,binge_watcher
276,40,104.8,103.52,67,13,21,4,22,399,2,3,78,65,104,2,0,binge_watcher
277,22,94.34,75.03,69,19,32,2,12,699,2,0,100,33,35,2,0,binge_watcher
278,35,87.74,121.53,48,33,35,5,9,499,1,1,53,43,98,4,0,binge_watcher
279,54,25.02,16.24,20,8,4,0,5,299,1,6,6,7,11,2,0,casual_viewer
280,21,93.5,135.39,47,20,27,7,13,699,2,5,104,34,92,4,0,binge_watcher
281,28,11.01,22.21,4,3,1,1,5,499,6,35,7,3,7,2,1,at_risk_user
282,26,51.14,78.3,44,9,6,5,12,499,2,1,56,7,67,1,0,regular_viewer
283,44,79.03,110.96,72,16,13,8,11,699,3,5,129,34,66,5,0,binge_watcher
284,43,81.79,100.82,30,20,13,12,18,699,0,4,57,77,55,4,0,premium_loyal_user
285,45,123.77,115.8,65,21,13,3,27,499,1,0,63,62,49,2,0,binge_watcher
286,43,27.94,81.69,19,5,9,1,28,499,2,4,47,22,46,2,0,regular_viewer
287,57,34.16,36.6,34,9,10,2,22,499,1,5,41,30,40,1,0,regular_viewer
288,28,18.9,49.31,10,4,1,1,3,399,2,6,7,6,11,1,0,casual_viewer
289,33,32.85,48.31,31,5,7,1,10,399,0,8,12,33,46,2,0,regular_viewer
290,31,34.86,58.4,36,15,4,6,29,499,0,3,38,24,40,4,0,regular_viewer
291,63,82.38,103.59,36,24,12,6,64,899,1,4,115,28,64,6,0,premium_loyal_user
292,30,4.99,31.26,16,7,1,0,3,399,2,4,3,1,16,1,1,casual_viewer
293,18,119.8,95.84,76,23,28,6,14,399,3,1,91,63,64,2,0,binge_watcher
294,34,48.53,56.64,37,13,10,3,12,399,2,0,46,21,17,1,0,regular_viewer
295,38,15.61,38.09,12,5,2,3,10,399,2,11,12,3,14,2,0,casual_viewer
296,33,94.63,148.96,57,34,34,6,26,399,0,5,59,72,120,3,0,binge_watcher
297,41,49.33,40.35,39,16,4,2,18,399,0,2,40,34,48,4,0,regular_viewer
298,43,47.43,62.01,30,11,12,3,28,399,0,7,38,5,22,3,0,regular_viewer
299,57,59.16,83.7,35,9,13,7,59,699,0,0,75,71,80,6,0,premium_loyal_user
300,18,17.81,30.49,7,5,4,2,6,399,0,9,14,6,19,1,0,casual_viewer
301,26,33.97,53.61,28,6,12,3,34,499,2,7,34,23,40,2,0,regular_viewer
302,47,4.45,5,1,3,0,1,3,399,6,28,3,2,6,2,1,at_risk_user
303,34,18.03,40.3,16,6,0,1,8,399,1,9,8,2,7,2,1,casual_viewer
304,33,20.85,29.14,9,4,4,2,3,299,0,5,15,0,18,1,1,casual_viewer
305,40,15.97,62.1,36,18,8,4,11,499,1,3,58,23,18,1,0,regular_viewer
306,54,54.04,62.82,45,15,6,4,9,499,1,0,10,26,23,4,0,regular_viewer
307,59,49.16,52.63,26,8,8,4,36,499,1,2,41,18,23,4,0,regular_viewer
308,45,43.83,69.28,22,14,7,7,9,499,0,8,37,32,34,2,0,regular_viewer
309,27,7.45,22.21,7,3,0,2,17,499,6,34,7,2,4,3,1,at_risk_user
310,24,17.23,31.07,19,5,3,0,8,399,1,14,11,8,18,2,0,casual_viewer
311,42,62.27,31.48,24,14,12,2,30,499,1,5,53,21,41,4,1,regular_viewer
312,38,20.6,68.48,45,7,9,4,26,499,0,1,20,15,24,3,0,regular_viewer
313,37,37.09,50.75,32,17,9,6,24,499,1,2,21,32,11,2,0,regular_viewer
314,41,92.76,114.11,45,22,15,1,5,499,0,0,128,65,87,2,0,binge_watcher
315,20,73.9,76.82,54,17,19,4,17,699,1,1,97,36,23,2,0,binge_watcher
316,45,81.07,69.79,59,16,16,11,26,699,1,4,95,87,116,7,0,premium_loyal_user
317,54,45.62,66.43,27,10,10,3,10,499,0,0,43,31,58,2,0,regular_viewer
318,20,40.56,43.86,42,12,8,1,30,499,1,3,60,5,45,3,0,regular_viewer
319,45,6.12,25.3,7,3,0,1,3,399,6,29,8,4,12,3,1,at_risk_user
320,54,48.73,45.56,45,6,6,2,15,399,2,7,49,19,27,4,0,regular_viewer
321,21,19.25,34.52,7,5,2,1,12,399,2,3,7,1,5,1,0,casual_viewer
322,39,47.61,42.82,29,12,4,3,8,399,0,4,59,17,14,4,0,regular_viewer
323,34,11.08,6.59,2,1,1,1,8,499,1,26,7,5,12,1,1,at_risk_user
324,48,1,36.72,6,1,2,2,2,499,5,47,1,2,7,3,1,at_risk_user
325,23,49.59,52.06,21,8,10,3,6,399,1,1,35,30,25,1,1,regular_viewer
326,40,71.05,130.84,58,34,14,3,8,499,0,5,109,58,117,2,0,binge_watcher
327,40,86.64,121.98,66,17,22,8,28,699,2,3,123,39,22,5,0,binge_watcher
328,20,11.59,36.19,10,8,1,1,9,399,1,17,8,8,6,1,0,casual_viewer
329,36,34.37,55.73,42,15,12,4,29,399,0,5,59,24,25,3,0,regular_viewer
330,35,99.91,108.51,78,25,29,2,22,499,2,3,112,56,34,2,0,binge_watcher
331,26,18.66,37.73,7,8,1,0,1,399,2,18,8,0,12,1,0,casual_viewer
332,31,10.31,12.14,19,2,3,0,6,399,1,4,8,8,2,1,1,casual_viewer
333,31,20.63,33.67,17,4,4,3,4,299,2,10,5,8,18,2,1,casual_viewer
334,61,59.57,100.53,52,11,10,16,29,899,1,1,108,96,91,5,0,premium_loyal_user
335,28,105.42,101.11,75,23,35,5,22,399,1,3,128,47,66,5,0,binge_watcher
336,22,58.38,57.84,34,7,8,1,15,399,0,5,11,29,62,3,1,regular_viewer
337,56,50.18,56.1,19,12,9,2,10,499,1,3,24,13,61,3,0,regular_viewer
338,33,43.42,36.06,43,12,6,4,32,399,2,4,12,28,61,4,0,regular_viewer
339,39,11.62,53.06,12,2,1,0,11,399,0,12,1,5,18,1,0,casual_viewer
340,22,122.73,139.17,60,24,31,8,5,399,3,2,130,65,38,3,0,binge_watcher
341,23,37.55,56.51,30,13,10,7,28,399,0,7,45,11,41,4,0,regular_viewer
342,51,18.05,39.63,18,7,2,0,2,399,1,14,11,3,11,2,0,casual_viewer
343,37,20.7,44.73,19,8,4,1,8,299,0,9,11,2,3,1,1,casual_viewer
344,59,63.05,46.57,44,9,4,3,28,399,1,7,40,5,31,2,0,regular_viewer
345,52,13.41,33.65,13,3,0,3,10,299,1,8,1,4,7,2,0,casual_viewer
346,18,119.17,141.72,77,31,23,1,3,499,3,1,78,80,110,2,1,binge_watcher
347,58,38.7,58.1,34,12,12,6,6,399,0,8,29,15,41,4,0,regular_viewer
348,40,14.87,43.03,14,5,0,2,7,299,2,11,7,2,11,2,0,casual_viewer
349,42,9.04,32.65,19,4,3,1,10,299,1,12,10,7,18,1,0,casual_viewer
350,52,16.38,27.61,8,5,4,1,7,299,2,8,10,1,18,1,0,casual_viewer
351,34,66.33,54.66,51,21,12,11,65,899,0,1,53,36,58,3,0,premium_loyal_user
352,26,75.48,101.26,73,17,19,0,14,399,3,1,94,75,111,4,0,binge_watcher
353,50,49.26,67.48,19,11,4,3,36,499,0,3,58,11,14,2,1,regular_viewer
354,57,4.46,22.5,8,1,1,1,2,499,6,38,5,3,9,3,1,at_risk_user
355,38,117.49,90.36,68,13,26,7,4,399,3,5,35,64,86,2,0,binge_watcher
356,39,46.22,47.83,23,11,8,5,35,399,2,8,19,19,63,4,0,regular_viewer
357,31,49.23,25.22,40,13,6,4,19,499,1,0,21,19,47,2,1,regular_viewer
358,38,13.32,10.57,18,3,0,0,2,399,2,14,2,8,13,1,0,casual_viewer
359,30,56.0,49.85,39,18,6,2,33,399,0,0,36,14,29,4,0,regular_viewer
360,26,18.49,34.75,18,5,0,3,8,399,2,3,15,3,7,2,0,casual_viewer
361,58,38.94,53.39,35,9,12,7,32,399,0,2,19,6,51,3,0,regular_viewer
362,61,76.63,72.1,30,9,9,10,29,699,1,4,124,108,124,7,0,premium_loyal_user
363,32,94.93,98.54,37,12,21,5,14,499,0,3,100,23,57,5,0,binge_watcher
364,26,86.12,150.43,48,32,18,0,6,699,0,3,122,51,74,4,0,binge_watcher
365,37,89.24,136.73,71,25,28,7,18,399,1,5,67,39,20,2,0,binge_watcher
366,21,94.03,105.97,74,23,25,0,13,499,1,0,111,40,108,4,0,binge_watcher
367,37,12.7,34.55,6,2,2,2,7,299,0,9,10,5,16,2,1,casual_viewer
368,33,106.2,150.77,69,20,26,6,26,399,2,4,122,55,91,2,0,binge_watcher
369,43,122.74,99.92,39,14,20,0,13,499,1,4,107,64,43,2,0,binge_watcher
370,45,67.02,71.13,30,23,22,7,41,899,1,1,107,58,57,3,0,premium_loyal_user
371,30,23.56,28.27,6,8,4,1,4,399,1,12,10,2,4,1,0,casual_viewer
372,42,16.35,20.79,6,5,0,0,6,399,0,6,9,0,19,2,0,casual_viewer
373,30,19.71,44.04,11,8,0,2,3,299,1,6,0,8,17,1,0,casual_viewer
374,40,41.84,95.62,43,9,7,2,8,499,2,5,44,19,13,2,0,regular_viewer
375,21,9.05,23.85,7,3,0,2,20,499,6,58,7,4,5,2,1,at_risk_user
376,52,29.96,47.87,18,8,4,1,2,399,0,17,9,7,16,1,1,casual_viewer
377,34,23.11,28.77,17,6,2,3,8,299,0,18,3,5,16,2,1,casual_viewer
378,42,40.86,55.22,21,11,5,3,23,399,1,8,39,17,47,4,0,regular_viewer
379,30,54.71,57.59,28,8,10,7,19,499,2,3,21,26,52,1,0,regular_viewer
380,44,70.98,128.15,64,20,29,1,17,399,2,3,38,28,107,5,0,binge_watcher
381,19,122.95,152.8,72,34,32,0,27,399,1,3,98,52,69,5,0,binge_watcher
382,28,85.16,172.39,78,19,25,5,5,699,0,4,95,66,36,4,0,binge_watcher
383,21,13.13,22.06,6,0,1,0,8,399,6,51,6,5,5,3,1,at_risk_user
384,54,46.49,68.98,22,8,12,4,32,499,1,2,28,32,52,2,0,regular_viewer
385,19,25.71,54.62,16,7,1,0,3,399,1,16,5,7,17,2,0,casual_viewer
386,42,46.6,75.59,18,14,11,7,29,399,2,8,27,18,69,3,0,regular_viewer
387,48,17.18,29.35,13,2,1,2,8,299,2,5,7,7,3,2,0,casual_viewer
388,52,8.8,12.04,9,3,2,2,11,399,3,32,4,1,0,3,1,at_risk_user
389,61,68.61,110.3,62,13,17,4,60,899,0,2,102,30,51,7,0,premium_loyal_user
390,41,78.2,95.82,41,8,19,5,56,699,0,3,87,42,68,4,0,premium_loyal_user
391,27,66.53,91.31,34,12,21,11,66,899,1,1,124,76,127,4,0,premium_loyal_user
392,47,81.08,89.72,32,9,10,11,43,899,1,3,135,88,64,6,0,premium_loyal_user
393,36,57.37,83.97,18,9,11,4,27,499,2,0,16,34,44,3,1,regular_viewer
394,37,40.99,70.18,21,9,10,4,30,399,2,3,43,15,53,2,0,regular_viewer
395,18,18.46,33.38,7,2,3,2,4,399,1,9,1,0,20,1,0,casual_viewer
396,44,100.04,162.05,42,32,15,1,22,399,3,5,127,38,34,3,0,binge_watcher
397,24,30.44,34.01,26,17,10,6,34,499,1,2,59,7,27,1,0,regular_viewer
398,23,44.05,87.42,23,12,5,4,35,399,2,6,21,25,41,1,0,regular_viewer
399,38,64.64,79.4,53,16,9,4,22,699,1,3,42,83,54,3,0,premium_loyal_user
400,26,104.33,145.41,60,28,12,8,25,499,3,3,81,23,89,3,0,binge_watcher
401,48,11.58,29.69,6,2,2,1,13,299,6,55,1,2,8,2,0,at_risk_user
402,38,41.27,52.51,19,11,7,3,28,499,0,5,41,7,66,4,0,regular_viewer
403,30,37.86,41.39,9,8,3,0,13,399,1,17,0,0,11,1,0,casual_viewer
404,50,90.05,107.08,58,22,18,17,52,699,0,0,44,38,97,3,0,premium_loyal_user
405,20,8.27,35.01,1,1,2,0,10,299,4,53,2,4,1,1,0,at_risk_user
406,37,100.98,174.72,62,20,35,6,13,399,1,2,57,20,95,3,0,binge_watcher
407,27,18.17,27.73,11,3,3,1,10,299,0,6,12,2,1,2,0,casual_viewer
408,23,15.84,19.48,10,7,3,1,4,299,2,11,14,6,8,1,0,casual_viewer
409,29,16.31,18.84,7,5,2,3,1,299,0,6,3,5,18,1,0,casual_viewer
410,24,93.05,143.12,44,31,27,7,8,399,0,0,112,61,56,3,0,binge_watcher
411,49,60.82,66.62,35,7,6,7,6,499,2,1,14,33,25,4,0,regular_viewer
412,32,44.61,27.93,25,17,5,3,13,399,0,6,22,17,67,2,0,regular_viewer
413,19,102.78,115.05,74,24,17,6,14,399,3,5,54,60,54,3,0,binge_watcher
414,54,21.03,37.38,19,8,3,3,3,399,0,12,5,2,19,1,0,casual_viewer
415,56,76.79,75.42,55,22,12,4,64,899,0,1,81,75,109,4,0,premium_loyal_user
416,22,127.97,94.13,61,11,13,7,26,699,0,3,97,65,81,2,0,binge_watcher
417,55,45.3,36.95,31,8,6,3,15,399,2,1,11,20,52,3,0,regular_viewer
418,56,44.96,56.67,32,12,6,7,28,499,0,5,50,19,55,1,0,regular_viewer
419,39,13.06,33.06,18,5,4,1,13,299,2,13,1,8,12,1,0,casual_viewer
420,59,54.24,63.64,38,13,5,5,28,399,0,5,25,22,17,4,0,regular_viewer
421,38,70.51,54.56,45,19,22,8,50,899,1,0,48,67,79,6,0,premium_loyal_user
422,21,73.21,131.43,69,19,26,5,28,699,0,1,88,26,30,5,0,binge_watcher
423,24,51.21,67.65,40,7,11,2,33,399,2,0,28,18,53,2,0,regular_viewer
424,21,44.07,65.23,45,17,7,7,36,499,1,5,51,25,60,3,0,regular_viewer
425,34,105.67,99.53,54,28,16,4,8,499,1,3,77,51,118,2,0,binge_watcher
426,30,40.65,53.98,35,9,6,2,32,399,0,3,17,6,30,2,0,regular_viewer
427,33,42.54,58.47,28,10,6,3,20,399,2,4,17,34,11,4,1,regular_viewer
428,54,77.85,80.41,59,24,13,14,63,899,1,2,160,93,120,4,0,premium_loyal_user
429,53,66.13,92.46,55,9,10,14,53,699,1,0,91,99,142,4,0,premium_loyal_user
430,21,14.92,30.03,14,4,2,1,1,299,2,17,2,8,13,1,0,casual_viewer
431,34,131.9,103.68,58,22,16,6,14,499,2,0,66,59,64,4,1,binge_watcher
432,30,76.71,121.78,51,22,12,6,69,899,1,1,146,95,111,3,0,premium_loyal_user
433,53,48.69,59.53,36,17,10,1,6,499,2,4,36,10,45,4,0,regular_viewer
434,33,78.88,117.3,43,25,15,4,70,899,1,3,111,79,63,3,0,premium_loyal_user
435,37,28.94,28.79,13,2,2,3,3,399,2,10,0,1,9,2,1,casual_viewer
436,41,11.24,27.44,19,5,3,0,6,299,1,8,1,2,11,2,1,casual_viewer
437,28,23.37,38.71,16,6,0,2,5,299,2,9,5,1,20,1,0,casual_viewer
438,44,66.88,112.6,48,11,16,13,40,699,0,1,106,56,82,6,0,premium_loyal_user
439,28,9.85,25.13,4,1,2,2,23,499,5,59,8,5,12,1,1,at_risk_user
440,25,11.8,5,8,2,1,2,12,299,4,52,8,2,2,3,1,at_risk_user
441,32,75.11,119.96,34,15,12,6,31,699,0,3,128,34,44,3,0,premium_loyal_user
442,27,71.28,89.39,57,9,15,5,34,699,0,2,125,21,131,3,0,premium_loyal_user
443,31,5.72,18.85,6,0,0,0,24,399,5,36,5,1,8,3,1,at_risk_user
444,24,55.67,71.49,18,13,7,6,12,499,0,8,10,28,16,2,1,regular_viewer
445,55,56.63,102.87,53,11,10,17,40,899,1,1,105,49,87,3,0,premium_loyal_user
446,49,49.16,65.18,42,10,8,5,29,399,0,5,41,8,34,3,0,regular_viewer
447,53,72.32,103.2,52,14,21,5,71,899,1,1,41,106,97,3,0,premium_loyal_user
448,39,103.62,132.93,60,32,30,1,26,399,0,2,55,58,45,5,0,binge_watcher
449,56,65.77,113.0,62,16,20,16,69,899,1,3,125,97,156,6,1,premium_loyal_user
450,29,45.54,52.87,26,12,11,2,26,399,0,1,57,6,63,1,0,regular_viewer
451,29,11.3,47.17,8,5,4,0,13,299,2,18,14,3,10,2,0,casual_viewer
452,41,49.55,42.58,18,17,4,4,34,399,1,7,30,32,34,4,0,regular_viewer
453,53,12.38,17.43,20,3,3,3,3,399,2,15,15,1,19,2,0,casual_viewer
454,36,72.28,131.78,45,26,13,6,11,499,3,4,116,60,118,4,0,binge_watcher
455,20,21.97,43.27,18,1,2,3,2,399,1,14,13,5,2,1,0,casual_viewer
456,36,118.65,146.74,54,13,22,2,3,699,2,0,88,69,92,5,0,binge_watcher
457,36,110.55,128.4,71,22,22,1,28,499,0,5,116,41,63,5,0,binge_watcher
458,46,76.33,98.15,52,14,15,14,72,699,0,2,73,26,73,7,0,premium_loyal_user
459,23,16.41,19.56,15,6,2,0,10,399,1,9,11,1,10,2,0,casual_viewer
460,24,83.24,135.92,67,24,33,8,8,399,1,4,93,42,104,5,0,binge_watcher
461,43,71.81,93.43,62,28,35,0,19,399,2,3,48,45,39,4,0,binge_watcher
462,24,32.11,38.37,26,18,8,6,11,499,2,3,35,12,17,2,0,regular_viewer
463,39,32.51,64.29,31,11,4,2,11,499,0,0,26,30,61,3,0,regular_viewer
464,20,24.74,31.88,6,1,0,2,10,399,0,16,11,1,13,1,0,casual_viewer
465,34,114.96,111.09,72,34,28,4,18,399,1,4,45,55,62,5,0,binge_watcher
466,52,71.42,93.38,38,16,15,10,34,699,1,4,87,109,156,3,0,premium_loyal_user
467,35,65.03,52.95,22,10,11,6,17,499,0,0,57,26,61,1,0,regular_viewer
468,40,69.72,102.74,65,19,22,16,61,699,0,3,89,21,151,6,0,premium_loyal_user
469,37,14.28,30.99,4,2,0,0,15,499,3,55,6,0,4,1,1,at_risk_user
470,48,7.25,5,6,3,0,0,23,399,5,18,5,3,9,3,1,at_risk_user
471,54,61.42,56.29,36,22,20,14,26,699,1,1,120,59,75,7,0,premium_loyal_user
472,51,15.67,15.03,16,3,4,3,13,399,1,18,4,4,6,2,1,casual_viewer
473,44,13.96,43.87,12,4,0,0,9,299,0,17,6,4,6,1,0,casual_viewer
474,36,59.9,90.46,23,14,5,1,28,499,1,7,17,12,55,2,0,regular_viewer
475,42,65.86,105.42,33,21,21,7,56,699,1,1,93,43,87,4,0,premium_loyal_user
476,33,1.55,8.77,6,4,2,2,15,299,1,44,2,2,11,2,1,at_risk_user
477,40,73.49,142.5,39,13,29,0,4,499,1,3,75,20,20,4,0,binge_watcher
478,45,42.47,52.97,35,5,6,3,11,499,1,7,18,7,30,4,0,regular_viewer
479,20,24.99,33.1,19,5,2,3,5,399,2,11,10,6,6,2,1,casual_viewer
480,29,23.73,48.36,38,17,11,1,12,399,0,3,21,6,40,3,0,regular_viewer
481,27,67.88,58.96,19,12,9,6,23,499,1,7,17,32,56,2,0,regular_viewer
482,36,19.54,41.6,14,5,4,1,10,299,2,8,13,1,8,2,0,casual_viewer
483,19,5.59,46.81,2,3,1,2,4,399,2,15,1,3,11,3,1,at_risk_user
484,26,93.39,123.31,37,30,31,7,13,699,1,1,36,51,61,2,0,binge_watcher
485,37,81.65,144.16,46,17,24,1,3,399,1,3,129,66,56,3,0,binge_watcher
486,47,43.0,26.28,39,14,6,3,27,399,1,8,22,20,38,4,0,regular_viewer
487,31,110.91,140.76,58,29,17,6,23,499,0,0,95,58,79,3,0,binge_watcher
488,33,69.4,118.11,40,19,26,6,5,499,2,1,46,53,51,5,0,binge_watcher
489,22,24.25,27.85,14,7,3,0,8,399,1,11,2,8,1,1,1,casual_viewer
490,31,46.68,56.19,31,16,8,3,24,499,2,7,49,30,26,3,1,regular_viewer
491,36,71.47,92.05,63,16,21,14,24,899,0,0,90,34,36,4,0,premium_loyal_user
492,45,62.64,31.38,37,16,11,3,25,499,2,6,29,7,18,2,0,regular_viewer
493,19,16.71,27.69,6,4,3,1,11,299,1,9,2,4,15,1,0,casual_viewer
494,28,26.04,23.69,13,8,3,0,14,399,2,10,6,4,19,2,0,casual_viewer
495,45,29.56,32.0,17,5,0,3,7,399,2,18,7,0,17,1,0,casual_viewer
496,24,43.38,81.55,33,6,11,5,36,499,1,6,11,10,28,2,0,regular_viewer
497,52,49.14,92.25,28,14,11,2,34,499,2,6,36,31,70,3,0,regular_viewer
498,35,61.19,74.84,30,23,10,6,30,699,1,0,141,73,155,6,0,premium_loyal_user
499,21,23.66,34.95,10,6,1,1,14,299,0,13,13,1,20,1,0,casual_viewer
500,34,28.51,34.16,18,1,4,2,3,299,2,4,14,7,4,1,1,casual_viewer
501,45,126.72,108.07,37,26,15,2,23,399,1,2,50,52,110,5,0,binge_watcher
502,26,50.38,71.76,44,7,5,7,12,499,1,0,25,31,61,4,0,regular_viewer
503,25,43.41,83.65,31,10,7,2,30,499,0,2,37,18,68,4,1,regular_viewer
504,51,9.05,13.8,1,3,0,0,23,499,1,19,5,2,6,1,1,at_risk_user
505,22,37.34,41.85,36,5,12,3,19,499,2,8,29,28,57,3,1,regular_viewer
506,35,24.67,25.33,8,7,3,1,9,399,2,14,12,3,10,1,0,casual_viewer
507,28,32.63,57.6,24,6,12,5,15,499,2,2,11,5,66,3,0,regular_viewer
508,52,77.23,84.29,28,19,12,14,50,899,0,0,136,103,155,3,0,premium_loyal_user
509,18,45.84,148.18,72,28,34,8,22,399,2,2,66,32,111,5,0,binge_watcher
510,40,38.49,58.99,42,10,11,1,10,499,1,1,15,6,37,2,0,regular_viewer
511,43,40.49,46.35,35,13,10,7,14,499,2,6,38,27,69,4,0,regular_viewer
512,30,48.21,66.16,40,12,6,6,22,399,2,3,39,20,12,2,1,regular_viewer
513,27,36.77,50.84,21,10,8,1,22,399,0,5,29,16,29,3,0,regular_viewer
514,34,73.31,66.58,44,17,11,6,70,899,0,0,110,64,43,3,0,premium_loyal_user
515,36,79.38,132.49,59,25,35,2,27,399,3,3,115,72,39,4,0,binge_watcher
516,37,83.95,135.96,60,20,29,0,24,499,2,5,41,36,110,2,0,binge_watcher
517,44,62.85,81.54,60,10,11,13,52,699,0,3,104,22,50,7,0,premium_loyal_user
518,31,18.28,53.76,20,8,0,2,7,299,1,3,10,6,6,2,0,casual_viewer
519,30,94.6,138.8,41,27,17,4,7,399,2,0,49,54,72,3,0,binge_watcher
520,29,9.37,22.53,7,0,1,0,14,399,3,38,1,0,3,1,1,at_risk_user
521,33,73.7,123.2,42,18,13,5,17,699,3,0,91,18,72,3,1,binge_watcher
522,53,26.76,30.91,9,3,2,3,8,299,2,9,4,5,18,1,1,casual_viewer
523,31,117.24,116.43,37,10,26,4,23,399,0,0,91,49,96,4,0,binge_watcher
524,42,48.8,51.33,44,13,8,1,11,399,1,1,35,27,17,2,0,regular_viewer
525,45,9.15,32.35,6,2,2,1,23,399,3,29,5,2,3,2,1,at_risk_user
526,28,44.61,59.24,33,5,4,6,11,499,2,7,58,17,44,1,0,regular_viewer
527,20,58.09,110.78,77,24,33,1,14,499,2,3,52,16,35,5,0,binge_watcher
528,18,18.21,37.36,10,6,1,0,14,399,2,10,7,7,12,1,0,casual_viewer
529,56,8.67,27.75,7,0,1,2,17,399,2,49,3,5,11,3,1,at_risk_user
530,23,103.65,130.86,39,14,20,3,19,699,2,1,116,17,108,4,0,binge_watcher
531,18,13.29,17.1,1,2,1,1,9,299,6,47,7,3,5,3,1,at_risk_user
532,32,16.57,27.86,9,3,1,0,13,299,3,19,0,5,3,3,1,at_risk_user
533,33,19.76,45.13,7,2,0,3,7,299,2,13,8,3,4,2,0,casual_viewer
534,23,50.27,43.64,25,6,11,7,9,499,2,1,15,6,68,1,0,regular_viewer
535,62,9.92,23.87,8,0,1,2,21,399,1,20,0,4,0,2,1,at_risk_user
536,59,45.09,49.07,37,17,4,4,18,499,1,1,31,25,70,1,0,regular_viewer
537,32,46.22,61.48,40,6,7,5,10,499,1,6,40,28,49,4,0,regular_viewer
538,20,22.82,38.85,12,6,2,1,3,399,1,13,9,5,1,1,0,casual_viewer
539,55,51.61,47.82,24,8,7,7,8,499,0,7,54,27,39,3,0,regular_viewer
540,28,81.02,105.56,45,13,26,0,18,399,0,5,58,44,79,3,0,binge_watcher
541,46,75.13,68.64,50,13,21,4,41,699,0,2,43,91,49,4,0,premium_loyal_user
542,55,22.84,29.09,6,4,1,2,3,299,1,8,10,8,8,1,0,casual_viewer
543,34,19.05,33.68,16,3,3,0,6,299,1,17,7,5,12,1,1,casual_viewer
544,57,14.04,9.49,2,0,0,0,7,299,5,38,5,2,9,2,1,at_risk_user
545,22,46.09,40.11,45,13,8,7,10,499,0,0,50,30,27,2,0,regular_viewer
546,49,8.42,25.59,8,4,0,0,17,399,6,46,5,3,8,2,0,at_risk_user
547,34,85.25,83.27,66,25,20,6,23,699,0,1,58,40,77,3,0,binge_watcher
548,44,23.9,44.77,29,9,12,1,10,399,1,7,43,16,24,1,0,regular_viewer
549,31,76.74,134.0,58,35,27,5,11,499,0,1,86,44,53,2,0,binge_watcher
550,50,9.41,33.62,18,5,1,0,2,299,1,4,6,5,7,2,0,casual_viewer
551,42,77.44,107.82,33,25,22,8,18,899,1,2,140,71,156,6,0,premium_loyal_user
552,25,52.29,88.78,34,20,11,7,64,699,1,1,106,95,135,7,0,premium_loyal_user
553,54,66.57,91.42,37,21,20,15,44,699,1,3,149,91,38,5,0,premium_loyal_user
554,44,71.96,84.13,47,18,11,10,45,899,1,2,115,22,107,3,0,premium_loyal_user
555,39,8.22,26.07,20,7,3,1,7,299,2,15,6,7,4,2,0,casual_viewer
556,39,48.91,63.89,35,7,4,7,28,499,0,2,22,7,68,4,0,regular_viewer
557,51,19.87,36.76,14,1,1,2,14,399,1,8,3,2,18,2,0,casual_viewer
558,31,20.79,40.93,12,8,1,2,10,299,2,17,8,3,1,1,0,casual_viewer
559,63,76.48,64.43,61,23,15,11,54,699,0,2,122,78,79,5,0,premium_loyal_user
560,36,61.87,90.76,64,21,15,10,60,699,0,3,129,25,65,4,0,premium_loyal_user
561,27,91.65,115.99,48,25,25,8,6,499,0,0,94,56,72,5,0,binge_watcher
562,20,15.73,36.1,17,8,3,2,12,399,0,15,1,0,9,1,0,casual_viewer
563,47,15.75,35.43,14,4,3,1,8,399,0,8,0,1,6,2,0,casual_viewer
564,35,92.51,99.32,42,12,15,9,29,699,0,4,67,76,124,3,0,premium_loyal_user
565,31,60.04,94.81,28,8,8,16,42,699,0,2,156,50,60,3,0,premium_loyal_user
566,18,15.96,41.69,16,2,1,0,13,299,2,8,1,6,17,1,1,casual_viewer
567,60,47.53,69.49,35,11,10,1,13,399,0,5,30,10,10,4,0,regular_viewer
568,31,15.86,36.14,19,5,4,2,1,299,0,16,9,7,4,1,0,casual_viewer
569,38,27.2,32.84,16,3,2,1,11,399,2,18,2,5,1,2,0,casual_viewer
570,25,66.9,124.06,35,17,12,1,12,399,3,1,109,25,27,3,0,binge_watcher
571,29,34.82,75.13,25,16,11,6,34,499,0,4,30,25,60,1,0,regular_viewer
572,59,10.56,8.15,4,2,1,0,7,499,1,56,3,5,11,3,0,at_risk_user
573,58,62.95,102.52,25,10,21,11,22,699,0,1,160,46,51,3,0,premium_loyal_user
574,43,107.02,116.46,40,23,35,7,12,399,1,1,84,37,97,3,0,binge_watcher
575,38,105.78,178.19,65,12,23,6,15,399,3,3,84,79,98,5,0,binge_watcher
576,55,84.59,87.19,30,17,17,12,27,699,1,3,99,59,93,5,0,premium_loyal_user
577,20,80.76,163.43,47,14,18,0,3,699,2,3,81,68,70,4,0,binge_watcher
578,57,63.75,73.5,21,11,6,2,30,499,1,5,42,27,41,3,0,regular_viewer
579,31,93.79,104.22,37,21,32,0,25,699,1,2,107,73,107,3,0,binge_watcher
580,39,96.54,121.3,40,30,34,6,15,699,0,4,54,69,41,5,0,binge_watcher
581,54,39.66,47.63,27,16,10,7,34,399,0,5,19,13,57,2,1,regular_viewer
582,39,51.07,60.37,33,5,5,1,30,499,2,6,51,14,56,4,0,regular_viewer
583,28,47.03,69.0,21,12,7,2,12,399,2,2,58,11,26,4,0,regular_viewer
584,24,9.63,18.01,5,0,1,0,9,299,3,15,3,3,7,3,1,at_risk_user
585,35,18.01,33.55,15,1,0,1,9,299,1,11,15,7,11,2,0,casual_viewer
586,28,128.17,124.82,58,31,24,6,22,399,2,2,42,15,78,5,0,binge_watcher
587,26,10.02,22.74,9,2,2,0,12,399,5,57,7,4,6,3,0,at_risk_user
588,38,11.76,22.89,1,2,2,1,8,499,4,39,1,2,6,2,1,at_risk_user
589,31,68.77,70.06,37,12,21,12,54,699,0,3,141,31,73,7,1,premium_loyal_user
590,48,56.02,55.2,35,8,7,2,11,399,0,6,55,5,20,3,1,regular_viewer
591,39,65.72,58.84,32,12,22,12,58,899,0,2,151,48,154,7,0,premium_loyal_user
592,38,73.15,176.22,59,30,32,8,16,399,1,2,44,52,31,2,0,binge_watcher
593,37,69.75,76.06,48,12,21,9,42,699,1,0,115,88,59,6,1,premium_loyal_user
594,43,51.86,26.58,22,13,7,1,18,399,2,7,30,9,62,3,0,regular_viewer
595,49,49.9,69.79,41,15,4,5,16,499,2,1,27,32,55,4,0,regular_viewer
596,36,16.34,23.81,18,6,1,1,14,299,2,4,5,7,13,2,1,casual_viewer
597,45,97.03,129.92,60,20,25,7,14,499,3,0,97,51,56,3,0,binge_watcher
598,21,115.46,159.28,72,35,13,4,17,699,1,4,47,71,109,5,0,binge_watcher
599,31,19.33,27.54,16,1,2,0,11,299,1,16,5,0,4,2,1,casual_viewer
600,21,23.35,44.71,11,7,1,3,4,299,0,10,12,7,10,1,0,casual_viewer
601,25,48.47,30.44,38,11,8,6,26,499,1,0,17,8,15,1,0,regular_viewer
602,34,98.75,161.77,71,25,20,1,28,699,1,3,91,70,58,3,0,binge_watcher
603,52,22.37,55.16,6,7,4,3,2,299,0,6,5,2,1,2,1,casual_viewer
604,26,10.23,27.07,7,5,0,0,2,399,1,8,13,0,8,2,0,casual_viewer
605,36,5.66,13.78,10,3,2,1,17,399,5,48,8,1,11,1,1,at_risk_user
606,20,19.92,44.37,19,4,1,1,10,399,1,7,13,1,18,2,0,casual_viewer
607,23,88.93,131.86,51,31,25,2,20,399,0,5,123,49,101,3,0,binge_watcher
608,38,105.52,90.52,61,14,22,6,15,399,1,0,64,30,88,2,0,binge_watcher
609,41,38.96,49.02,28,17,8,2,33,399,1,0,16,17,24,4,1,regular_viewer
610,32,80.89,110.95,44,23,9,12,40,899,1,4,52,26,56,5,0,premium_loyal_user
611,42,50.19,38.81,43,13,12,5,34,499,1,2,26,5,53,2,0,regular_viewer
612,54,17.82,31.06,17,6,1,3,12,399,0,17,11,7,17,2,0,casual_viewer
613,34,38.29,87.87,27,11,9,7,8,399,0,3,15,10,46,1,0,regular_viewer
614,51,45.53,57.95,31,15,12,6,10,499,1,8,53,26,66,1,0,regular_viewer
615,44,94.27,80.7,79,27,35,5,10,699,0,4,87,36,106,3,0,binge_watcher
616,28,20.41,56.82,31,12,10,2,17,399,1,3,44,32,59,1,0,regular_viewer
617,36,48.76,83.89,36,11,7,3,35,399,1,7,13,16,10,4,0,regular_viewer
618,20,35.61,79.45,30,10,4,1,19,499,0,1,43,21,67,2,0,regular_viewer
619,18,11.27,32.91,4,3,1,1,10,399,4,25,8,2,1,2,1,at_risk_user
620,28,38.53,72.72,29,18,7,1,12,499,0,2,35,18,57,3,1,regular_viewer
621,30,32.41,25.31,10,2,3,3,9,399,2,7,10,6,17,2,0,casual_viewer
622,19,10.58,27.89,1,1,0,2,11,399,5,14,6,3,4,2,1,at_risk_user
623,40,52.08,65.4,36,15,12,16,25,899,0,3,65,80,125,3,0,premium_loyal_user
624,31,52.39,87.31,38,15,6,2,9,399,1,0,27,11,69,2,0,regular_viewer
625,20,106.59,104.38,68,19,34,3,10,499,3,3,37,80,74,2,0,binge_watcher
626,37,59.77,51.71,25,10,4,2,7,399,0,5,23,14,40,3,1,regular_viewer
627,29,17.9,48.95,11,5,0,0,11,299,2,7,10,5,12,2,0,casual_viewer
628,57,29.41,80.86,22,15,5,1,24,399,0,7,16,7,70,3,0,regular_viewer
629,32,39.35,58.19,22,8,10,5,28,499,2,5,33,19,50,1,1,regular_viewer
630,44,3.36,30.59,18,1,1,2,12,299,1,4,1,3,13,2,0,casual_viewer
631,29,82.66,110.87,49,25,20,10,43,899,0,1,40,40,108,4,0,premium_loyal_user
632,50,8.96,40.2,14,5,2,1,5,399,2,6,5,3,2,1,0,casual_viewer
633,26,107.83,115.19,38,30,19,3,20,399,0,5,74,62,61,2,1,binge_watcher
634,34,7.28,12.92,10,2,1,0,21,299,3,28,4,1,4,1,1,at_risk_user
635,55,13.19,31.24,7,2,2,2,20,499,2,42,3,2,4,1,1,at_risk_user
636,50,76.09,95.84,52,19,10,18,48,699,1,1,98,43,139,4,0,premium_loyal_user
637,31,43.76,57.53,23,7,10,6,25,399,0,2,14,18,25,4,1,regular_viewer
638,24,7.65,17.17,1,4,0,1,13,299,1,14,0,1,3,1,1,at_risk_user
639,56,18.38,23.99,2,4,2,1,23,299,2,22,7,4,7,1,1,at_risk_user
640,35,59.41,67.92,38,13,5,1,32,399,0,8,28,8,42,4,0,regular_viewer
641,19,8.58,30.78,6,2,0,2,13,499,6,21,7,1,1,1,0,at_risk_user
642,40,11.2,25.74,6,0,0,2,5,299,4,47,5,4,2,3,1,at_risk_user
643,61,5.65,37.74,6,0,1,1,22,399,3,59,1,0,2,3,0,at_risk_user
644,46,16.11,14.28,13,2,0,3,12,399,0,5,10,2,6,2,0,casual_viewer
645,50,41.4,45.46,43,15,9,2,31,399,1,6,45,20,44,4,0,regular_viewer
646,49,90.56,99.3,58,15,19,5,33,899,0,1,148,22,81,7,0,premium_loyal_user
647,25,23.18,39.07,19,3,2,3,3,399,0,9,7,0,5,1,1,casual_viewer
648,30,92.05,82.03,62,21,13,1,24,699,0,3,106,35,23,3,0,binge_watcher
649,22,29.28,36.77,12,3,1,3,12,299,2,12,15,6,11,2,1,casual_viewer
650,27,99.85,131.34,76,11,31,2,19,399,0,3,84,73,90,4,1,binge_watcher
651,34,39.82,64.04,20,13,10,2,29,399,1,0,24,17,21,1,0,regular_viewer
652,40,39.15,47.48,30,7,4,7,17,499,0,4,16,8,14,3,0,regular_viewer
653,26,70.59,95.71,31,10,11,13,18,899,0,4,65,101,153,3,0,premium_loyal_user
654,54,10.9,28.88,18,8,0,0,6,299,1,3,11,4,13,1,0,casual_viewer
655,42,60.37,56.18,21,10,10,6,22,399,2,2,11,23,60,4,0,regular_viewer
656,27,67.86,94.99,54,10,22,14,23,699,0,1,138,40,158,7,0,premium_loyal_user
657,58,82.41,78.02,33,18,12,9,57,899,0,3,70,46,113,7,0,premium_loyal_user
658,49,18.85,36.2,18,5,4,0,8,299,1,13,5,4,6,1,0,casual_viewer
659,25,59.2,70.21,32,9,11,3,30,499,2,2,17,23,41,1,0,regular_viewer
660,46,58.9,33.81,22,12,9,5,33,499,1,1,53,18,42,4,0,regular_viewer
661,27,54.34,67.22,40,25,8,6,72,699,1,3,60,92,86,3,0,premium_loyal_user
662,30,60.18,101.45,59,22,9,5,29,699,1,3,65,71,77,3,0,premium_loyal_user
663,49,9.53,36.39,2,2,1,0,18,299,4,23,3,2,9,1,1,at_risk_user
664,28,83.09,78.37,52,23,11,4,31,699,1,2,72,101,57,3,0,premium_loyal_user
665,25,40.28,82.59,45,11,12,2,27,499,0,0,15,33,67,4,0,regular_viewer
666,35,81.36,125.73,55,23,16,15,68,699,1,2,156,108,108,6,0,premium_loyal_user
667,37,104.16,167.53,72,29,16,5,24,699,2,0,49,73,38,5,0,binge_watcher
668,44,17.23,54.15,13,3,3,0,1,299,2,9,13,8,6,2,0,casual_viewer
669,30,25.75,32.22,6,6,2,0,5,399,2,6,15,7,14,2,0,casual_viewer
670,52,44.74,80.56,32,13,15,10,41,699,0,4,95,68,71,6,0,premium_loyal_user
671,45,101.26,132.0,41,12,32,0,22,499,0,3,125,27,101,5,0,binge_watcher
672,43,76.17,75.03,54,25,14,5,30,899,0,2,141,79,87,6,0,premium_loyal_user
673,34,37.12,59.44,39,9,8,7,34,499,2,3,10,33,68,4,0,regular_viewer
674,41,21.92,22.78,17,6,2,1,10,399,0,15,6,6,2,2,0,casual_viewer
675,41,112.98,178.81,68,15,25,3,6,699,1,4,45,65,117,4,0,binge_watcher
676,38,18.76,40.09,12,1,4,1,1,299,2,15,0,2,15,2,0,casual_viewer
677,25,88.52,158.17,50,33,24,4,24,399,2,0,48,17,101,2,0,binge_watcher
678,25,10.55,26.57,3,0,0,1,12,299,4,20,7,0,6,1,1,at_risk_user
679,24,88.3,99.92,55,30,26,2,8,499,0,1,114,19,35,4,1,binge_watcher
680,59,44.19,59.12,34,16,8,1,12,399,2,0,43,21,58,2,0,regular_viewer
681,33,50.37,61.51,20,16,6,3,14,499,0,1,32,27,45,3,0,regular_viewer
682,52,54.89,83.55,37,16,10,7,61,899,1,0,114,95,74,4,0,premium_loyal_user
683,49,4.03,25.97,10,2,1,2,4,499,4,41,3,4,5,2,1,at_risk_user
684,53,71.95,89.09,57,16,17,10,36,899,1,0,54,43,138,5,0,premium_loyal_user
685,33,25.88,42.74,11,3,2,0,1,399,2,3,10,3,15,2,1,casual_viewer
686,30,92.39,143.91,48,13,29,4,25,699,0,4,112,68,107,5,0,binge_watcher
687,32,56.11,65.37,19,9,10,1,9,499,0,5,47,17,25,1,0,regular_viewer
688,45,93.46,123.76,64,19,16,6,4,699,0,2,112,17,28,5,0,binge_watcher
689,44,66.12,114.77,50,10,16,16,38,899,0,3,78,109,160,6,0,premium_loyal_user
690,21,118.41,69.99,41,10,19,0,3,399,0,2,118,70,48,3,0,binge_watcher
691,48,77.52,64.55,25,9,12,18,68,699,0,0,78,29,68,5,0,premium_loyal_user
692,49,68.86,95.91,33,22,9,6,38,699,1,3,125,35,101,7,0,premium_loyal_user
693,51,53.72,58.04,41,12,7,1,14,499,2,1,32,22,63,2,0,regular_viewer
694,38,67.99,78.31,56,9,11,4,60,699,1,3,64,82,48,5,0,premium_loyal_user
695,34,79.45,122.88,54,32,26,2,19,399,1,1,76,64,77,3,0,binge_watcher
696,35,9.91,43.49,19,2,1,3,2,299,0,3,14,2,9,1,0,casual_viewer
697,29,90.98,188.74,40,21,25,3,7,499,3,4,72,21,76,4,0,binge_watcher
698,42,17.29,22.5,10,4,3,1,10,399,2,18,13,1,2,1,1,casual_viewer
699,21,24.21,25.38,9,2,4,0,5,299,2,15,12,6,4,1,1,casual_viewer
700,42,60.82,85.33,38,19,18,8,63,899,0,0,63,84,151,7,0,premium_loyal_user
701,35,52.27,79.9,23,7,9,4,10,399,2,7,37,15,11,2,1,regular_viewer
702,28,4.63,6.09,10,2,1,2,1,399,2,44,1,0,0,3,1,at_risk_user
703,34,39.02,58.56,22,17,5,1,15,499,1,7,57,16,44,3,0,regular_viewer
704,49,54.29,61.19,40,10,12,7,27,499,0,4,53,21,56,1,0,regular_viewer
705,34,42.02,53.02,33,5,7,5,29,499,1,3,57,7,22,4,0,regular_viewer
706,58,4.29,5,8,4,0,1,22,399,3,39,6,2,4,1,0,at_risk_user
707,28,99.65,112.62,64,28,23,4,6,399,3,5,48,74,107,3,0,binge_watcher
708,55,40.64,49.04,27,6,8,1,20,399,0,4,47,8,13,4,0,regular_viewer
709,20,50.18,62.52,27,17,12,6,36,399,0,4,19,28,22,4,0,regular_viewer
710,32,31.66,40.59,9,7,3,3,2,399,1,12,5,6,11,1,0,casual_viewer
711,26,14.54,39.02,10,2,2,3,9,299,1,16,3,2,17,2,0,casual_viewer
712,42,34.64,63.13,31,11,11,1,35,399,1,1,58,9,49,3,0,regular_viewer
713,29,110.71,150.14,71,19,13,6,7,499,0,3,127,73,26,2,0,binge_watcher
714,31,66.6,92.05,43,23,19,9,21,699,0,1,106,38,106,6,0,premium_loyal_user
715,58,10.03,15.9,5,0,1,2,23,299,1,18,0,1,9,1,1,at_risk_user
716,26,26.35,64.66,32,11,4,1,15,499,1,2,25,31,64,3,0,regular_viewer
717,45,89.96,112.97,44,30,12,2,7,699,1,1,95,40,80,5,0,binge_watcher
718,36,68.31,126.84,60,22,34,1,17,499,3,1,33,51,78,2,0,binge_watcher
719,37,26.5,38.7,16,8,0,2,3,399,2,17,8,0,6,2,0,casual_viewer
720,38,56.34,107.91,49,24,9,6,59,699,1,4,83,78,126,4,0,premium_loyal_user
721,44,75.0,81.87,55,20,15,13,60,699,1,1,129,61,110,7,0,premium_loyal_user
722,30,99.02,127.82,45,17,15,1,18,699,3,2,127,44,118,3,0,binge_watcher
723,42,8.15,12.61,2,0,2,1,4,299,6,18,7,2,9,3,1,at_risk_user
724,38,11.41,28.16,3,4,2,0,7,399,4,42,4,1,3,3,0,at_risk_user
725,37,72.85,87.05,31,14,8,16,26,699,1,3,112,89,145,3,0,premium_loyal_user
726,41,81.79,99.45,48,28,27,8,14,499,1,0,86,69,100,5,0,binge_watcher
727,22,98.06,101.92,42,25,19,0,22,699,2,0,58,52,52,5,0,binge_watcher
728,28,20.32,34.06,15,4,4,2,7,299,2,6,15,4,1,1,0,casual_viewer
729,41,47.67,56.6,24,13,9,7,27,399,0,7,14,30,70,1,0,regular_viewer
730,44,11.26,25.44,7,8,1,2,12,299,0,4,15,8,8,2,0,casual_viewer
731,34,48.34,60.68,42,17,7,5,25,499,2,0,45,20,13,4,0,regular_viewer
732,31,88.16,91.28,42,24,15,5,14,399,2,3,37,45,49,2,0,binge_watcher
733,52,1.25,19.74,6,4,0,0,1,299,1,8,9,0,11,2,0,casual_viewer
734,36,10.76,28.6,2,0,0,1,18,299,4,59,5,1,7,3,1,at_risk_user
735,55,41.14,81.06,34,9,9,6,23,399,0,5,36,27,70,4,0,regular_viewer
736,26,21.96,22.78,10,4,0,2,12,299,0,10,14,7,4,1,0,casual_viewer
737,35,13.69,29.66,7,1,2,3,8,299,1,15,14,0,8,1,0,casual_viewer
738,35,109.54,132.7,69,34,23,0,22,499,2,4,57,18,63,5,0,binge_watcher
739,28,76.72,63.62,43,25,15,10,54,899,0,3,99,50,51,3,0,premium_loyal_user
740,26,106.73,135.87,69,19,22,6,4,699,2,2,64,47,120,2,0,binge_watcher
741,28,112.96,78.43,63,24,12,7,3,499,0,2,91,42,72,2,0,binge_watcher
742,53,17.15,39.02,8,5,2,2,14,399,0,10,5,2,20,1,0,casual_viewer
743,23,80.69,74.07,72,20,13,8,25,399,0,5,63,47,22,4,0,binge_watcher
744,33,16.59,38.9,13,2,4,0,4,299,1,14,13,1,14,2,0,casual_viewer
745,43,39.79,73.22,38,10,11,3,25,399,0,5,12,14,69,2,1,regular_viewer
746,31,20.56,21.59,18,6,1,3,14,299,2,7,12,1,3,1,0,casual_viewer
747,58,4.03,19.21,2,4,0,2,16,499,5,47,7,2,4,1,1,at_risk_user
748,35,36.5,83.65,29,8,11,3,29,399,2,3,38,28,66,4,0,regular_viewer
749,52,53.41,66.57,33,14,7,4,31,499,0,2,44,12,59,4,0,regular_viewer
750,37,94.04,147.98,55,13,14,6,16,699,1,4,93,40,43,5,0,binge_watcher
751,34,18.92,16.17,13,2,1,0,14,399,0,8,2,2,17,2,1,casual_viewer
752,45,42.57,49.46,27,6,9,7,34,499,2,1,56,6,14,3,1,regular_viewer
753,58,1,27.3,5,3,2,0,24,299,6,51,8,0,2,1,1,at_risk_user
754,49,37.2,71.08,34,16,8,7,9,399,1,7,31,6,46,4,0,regular_viewer
755,31,47.8,58.74,41,16,7,4,22,499,2,5,16,16,28,2,0,regular_viewer
756,48,46.0,69.01,26,14,5,2,27,499,0,1,23,22,63,2,0,regular_viewer
757,52,5.44,20.6,8,0,1,0,10,499,4,60,7,4,2,2,1,at_risk_user
758,25,12.0,39.37,10,2,1,2,12,299,1,5,7,1,11,1,0,casual_viewer
759,60,43.64,37.69,20,16,9,1,19,399,2,8,30,11,63,1,1,regular_viewer
760,25,106.41,145.62,49,31,18,4,18,399,3,1,123,78,56,3,0,binge_watcher
761,58,85.56,61.59,25,21,9,11,53,699,0,0,93,108,68,7,0,premium_loyal_user
762,38,82.14,153.02,46,19,19,4,24,499,3,5,80,60,89,5,0,binge_watcher
763,36,12.28,41.32,9,7,0,1,8,399,2,6,11,6,5,2,1,casual_viewer
764,63,60.66,91.92,43,16,16,7,72,899,0,4,138,61,68,5,0,premium_loyal_user
765,52,43.38,108.61,42,23,19,7,39,699,1,3,92,48,108,4,0,premium_loyal_user
766,32,89.58,77.02,46,12,17,12,19,699,1,0,139,110,77,5,0,premium_loyal_user
767,38,106.79,130.86,69,16,17,8,15,699,1,2,50,62,62,5,0,binge_watcher
768,25,72.94,85.81,58,11,16,10,68,899,0,1,76,58,38,4,0,premium_loyal_user
769,19,93.7,139.24,59,30,24,2,26,499,0,0,39,79,112,5,0,binge_watcher
770,59,63.19,78.67,62,20,11,17,56,899,1,3,105,22,73,5,0,premium_loyal_user
771,54,13.1,36.78,7,4,3,2,8,399,2,10,12,0,16,2,1,casual_viewer
772,31,51.18,91.98,26,20,20,7,46,899,1,4,53,102,74,5,0,premium_loyal_user
773,20,104.05,134.62,66,28,19,1,7,499,3,4,122,44,27,5,0,binge_watcher
774,41,46.38,56.47,40,14,10,7,6,499,2,3,58,22,60,4,0,regular_viewer
775,35,38.15,81.2,34,13,5,1,19,399,1,2,58,5,20,1,0,regular_viewer
776,27,55.19,63.83,23,15,12,4,10,499,1,0,28,8,37,3,0,regular_viewer
777,35,2.53,20.25,6,4,2,0,5,399,5,57,3,4,11,2,1,at_risk_user
778,49,47.19,73.02,41,16,6,2,22,499,0,5,36,10,19,4,0,regular_viewer
779,37,7.2,16.28,2,4,1,1,4,299,5,43,2,0,5,3,1,at_risk_user
780,18,22.32,30.79,19,7,4,2,6,399,1,9,2,2,4,1,0,casual_viewer
781,26,53.5,73.03,38,17,10,3,24,499,2,7,23,10,10,2,1,regular_viewer
782,27,22.23,45.68,6,6,0,0,3,399,1,18,10,4,17,1,0,casual_viewer
783,44,42.46,46.48,44,13,9,5,8,399,0,4,55,9,63,4,0,regular_viewer
784,36,39.95,42.39,31,15,9,2,6,499,1,5,56,18,23,2,0,regular_viewer
785,18,19.9,45.71,9,1,4,2,6,299,1,11,0,4,2,2,0,casual_viewer
786,36,44.48,65.09,36,18,4,7,28,499,2,7,41,10,40,1,0,regular_viewer
787,27,16.97,27.8,19,3,0,3,14,299,0,17,1,5,4,2,1,casual_viewer
788,19,13.55,50.55,20,6,1,2,9,299,2,15,13,0,3,1,1,casual_viewer
789,37,54.35,68.17,26,14,7,6,22,499,0,0,29,13,45,3,0,regular_viewer
790,25,34.8,53.24,21,6,6,6,8,399,1,0,59,10,60,1,0,regular_viewer
791,25,62.17,34.95,27,18,7,6,30,399,1,0,34,27,28,2,0,regular_viewer
792,31,96.75,142.88,47,15,21,4,25,499,2,0,92,60,94,4,0,binge_watcher
793,32,108.14,87.54,45,11,30,6,7,699,1,5,85,59,102,4,0,binge_watcher
794,34,66.87,110.29,52,12,28,3,11,399,3,2,34,29,86,3,0,binge_watcher
795,40,38.23,70.51,36,5,9,6,9,499,0,2,36,20,31,3,0,regular_viewer
796,40,15.67,47.63,8,1,3,3,10,399,2,15,15,3,9,2,0,casual_viewer
797,45,36.76,97.9,25,17,12,1,19,499,1,6,47,5,20,2,1,regular_viewer
798,62,10.49,19.9,10,1,0,2,11,299,1,33,2,2,7,2,0,at_risk_user
799,27,19.13,42.02,10,2,1,1,14,299,1,5,7,2,18,2,0,casual_viewer
800,24,9.01,38.34,17,4,3,3,14,399,2,10,3,6,5,2,1,casual_viewer
801,38,26.9,21.72,17,7,4,3,9,299,1,18,0,3,20,1,1,casual_viewer
802,41,44.44,59.99,37,17,10,1,26,399,0,7,22,6,23,3,0,regular_viewer
803,31,37.69,65.53,30,15,11,1,14,499,0,2,35,26,43,1,0,regular_viewer
804,24,14.59,24.86,18,1,1,2,3,399,2,17,0,7,13,2,1,casual_viewer
805,36,44.75,52.56,43,17,11,5,17,499,2,5,44,16,17,2,1,regular_viewer
806,30,100.04,116.68,35,20,34,4,9,699,3,3,36,74,56,2,0,binge_watcher
807,43,57.86,66.28,29,9,10,3,27,499,0,8,27,10,28,3,0,regular_viewer
808,39,36.16,44.77,29,16,4,5,29,499,0,2,15,22,16,2,0,regular_viewer
809,31,107.95,108.91,64,32,31,3,26,699,3,0,39,56,67,2,0,binge_watcher
810,58,8.71,18.16,9,0,1,2,24,399,4,39,0,1,11,2,1,at_risk_user
811,30,78.3,68.6,32,14,17,8,37,699,0,2,113,80,62,6,0,premium_loyal_user
812,23,90.49,166.18,73,22,17,4,11,399,3,1,32,68,104,3,0,binge_watcher
813,60,42.06,69.65,18,16,9,2,8,499,2,7,47,18,50,3,0,regular_viewer
814,55,54.1,61.08,29,18,11,2,20,499,0,8,54,10,53,4,0,regular_viewer
815,54,26.3,31.59,14,6,0,1,12,399,1,12,10,7,15,1,0,casual_viewer
816,37,83.6,148.9,36,34,21,8,26,499,1,3,98,31,68,2,0,binge_watcher
817,25,14.6,31.76,8,7,4,3,6,299,1,11,10,5,4,2,0,casual_viewer
818,25,108.31,99.66,64,19,26,2,8,499,2,0,98,57,117,5,0,binge_watcher
819,21,75.53,152.26,61,23,18,0,22,399,1,4,109,79,30,5,1,binge_watcher
820,35,52.02,78.19,39,6,9,1,29,499,2,8,22,32,68,2,0,regular_viewer
821,40,85.98,122.75,37,18,10,8,22,699,0,4,99,78,66,7,0,premium_loyal_user
822,31,56.61,57.0,21,17,9,7,35,399,0,7,56,35,14,1,0,regular_viewer
823,31,134.73,56.7,59,12,25,4,25,699,0,5,129,18,76,5,0,binge_watcher
824,43,22.56,18.0,6,6,3,3,7,299,0,7,8,1,6,2,0,casual_viewer
825,35,46.94,50.12,21,10,5,4,34,499,0,4,31,14,54,4,0,regular_viewer
826,36,32.78,51.62,42,7,6,5,15,399,0,5,46,16,55,3,0,regular_viewer
827,36,81.37,101.29,63,31,21,2,26,699,1,1,107,52,69,4,0,binge_watcher
828,31,15.05,31.6,6,5,2,3,8,299,1,7,10,8,12,2,1,casual_viewer
829,30,52.89,47.52,33,11,4,6,36,399,1,3,29,11,24,2,0,regular_viewer
830,32,61.72,71.33,54,8,21,15,72,699,0,2,125,24,86,3,1,premium_loyal_user
831,37,33.32,53.9,41,13,5,7,7,499,2,8,25,12,26,2,0,regular_viewer
832,25,98.88,169.1,46,11,31,4,20,499,0,5,54,23,36,4,0,binge_watcher
833,55,18.5,21.37,7,1,2,0,4,399,0,17,2,7,7,1,0,casual_viewer
834,49,17.74,36.59,12,2,3,1,10,399,0,11,13,4,16,1,0,casual_viewer
835,38,53.05,56.2,45,13,7,3,14,499,2,7,17,29,70,2,0,regular_viewer
836,52,39.13,61.65,20,17,10,6,15,399,1,5,50,26,44,2,0,regular_viewer
837,32,19.62,48.79,11,8,0,2,10,299,2,7,10,2,7,2,1,casual_viewer
838,64,63.05,71.37,58,23,18,13,68,899,1,1,159,53,95,5,0,premium_loyal_user
839,42,49.16,48.53,27,11,10,7,19,399,1,0,36,16,51,2,1,regular_viewer
840,26,74.21,74.01,41,17,21,9,19,899,1,3,81,91,106,4,0,premium_loyal_user
841,32,100.3,114.56,50,15,22,7,26,699,3,0,129,64,108,5,0,binge_watcher
842,55,6.69,24.94,6,2,2,1,15,399,1,44,2,5,1,2,1,at_risk_user
843,34,84.07,67.9,61,14,16,5,46,699,1,4,109,104,68,7,0,premium_loyal_user
844,21,55.89,79.86,45,17,9,7,17,499,2,3,21,15,39,2,0,regular_viewer
845,36,44.44,84.88,18,7,5,6,19,499,1,7,13,31,43,1,1,regular_viewer
846,21,14.79,40.15,34,18,9,7,23,499,1,5,50,7,57,1,0,regular_viewer
847,25,1,18.81,2,4,1,2,21,299,1,57,6,2,7,2,1,at_risk_user
848,27,7.09,19.16,10,2,1,2,23,499,4,15,6,4,4,1,1,at_risk_user
849,20,46.64,75.64,26,18,7,5,27,499,2,7,51,26,22,3,1,regular_viewer
850,36,112.81,164.47,48,19,17,1,3,699,0,1,99,59,28,4,0,binge_watcher
851,60,8.87,29.39,7,2,0,0,12,299,2,42,1,3,0,2,1,at_risk_user
852,38,58.07,98.37,50,14,11,16,42,699,0,1,104,94,127,7,0,premium_loyal_user
853,32,92.95,74.23,47,18,14,7,31,699,1,3,72,85,49,6,0,premium_loyal_user
854,46,29.01,77.36,29,10,8,7,8,499,2,4,24,27,15,4,0,regular_viewer
855,35,16.37,9.61,6,3,1,1,10,299,0,7,4,7,2,1,0,casual_viewer
856,36,13.7,43.96,8,7,1,1,9,299,2,8,11,1,6,1,0,casual_viewer
857,60,31.59,80.59,37,10,4,7,6,499,0,7,12,28,65,2,1,regular_viewer
858,42,18.75,15.84,8,3,0,0,6,299,0,16,2,1,16,2,1,casual_viewer
859,59,42.47,97.98,65,8,12,11,48,899,0,2,124,89,81,7,0,premium_loyal_user
860,49,17.91,11.54,9,3,1,1,13,299,0,5,3,6,10,1,0,casual_viewer
861,39,32.19,95.67,39,14,12,5,24,499,0,5,37,16,52,2,0,regular_viewer
862,20,7.91,5.86,1,1,0,0,5,499,1,29,2,3,5,1,1,at_risk_user
863,42,52.69,87.99,36,11,11,2,20,499,2,7,17,28,27,3,0,regular_viewer
864,34,3.61,37.35,9,3,2,0,22,399,5,30,1,2,6,3,0,at_risk_user
865,21,97.85,155.64,42,13,29,4,7,499,2,3,85,25,84,3,0,binge_watcher
866,50,10.6,38.21,4,0,0,2,24,399,5,52,2,4,8,3,0,at_risk_user
867,35,100.36,192.39,68,15,23,2,6,699,1,5,111,43,116,3,0,binge_watcher
868,45,10.03,16.35,7,2,1,2,14,399,4,34,2,5,4,1,0,at_risk_user
869,39,79.61,183.72,74,29,14,0,27,499,1,1,91,35,117,3,0,binge_watcher
870,44,14.95,39.98,19,6,0,1,5,299,1,6,4,3,15,1,0,casual_viewer
871,25,58.12,68.47,58,11,20,14,56,899,0,3,78,35,104,7,0,premium_loyal_user
872,39,28.38,14.3,6,7,2,0,11,399,1,8,15,4,8,1,0,casual_viewer
873,63,77.38,74.97,56,21,14,4,58,699,1,2,155,52,116,7,0,premium_loyal_user
874,26,102.46,123.76,41,32,27,3,21,499,1,4,85,49,33,5,0,binge_watcher
875,49,46.23,62.41,49,9,17,5,55,699,0,0,137,50,81,7,0,premium_loyal_user
876,44,10.54,8.86,1,2,2,1,15,499,5,16,6,5,11,2,1,at_risk_user
877,54,21.57,50.36,11,2,2,3,13,299,2,17,8,5,12,2,1,casual_viewer
878,48,46.86,47.01,40,15,8,7,31,399,0,8,59,32,45,3,0,regular_viewer
879,36,86.58,55.62,46,19,17,12,65,699,1,2,52,31,116,6,0,premium_loyal_user
880,31,45.28,49.93,45,16,11,3,16,499,1,2,20,15,11,1,0,regular_viewer
881,52,41.06,41.7,42,13,12,2,18,399,0,1,15,27,48,4,0,regular_viewer
882,39,12.1,32.53,20,7,0,2,10,299,1,10,14,0,8,1,0,casual_viewer
883,51,47.46,82.82,25,8,7,4,26,399,0,0,28,12,11,4,0,regular_viewer
884,55,51.53,59.9,23,18,12,5,18,499,2,4,55,30,33,3,0,regular_viewer
885,35,40.99,72.75,40,7,9,7,32,399,2,2,16,34,60,4,0,regular_viewer
886,32,16.22,16.25,16,4,3,2,10,299,1,17,15,6,3,1,0,casual_viewer
887,23,54.03,49.61,40,7,5,6,17,399,2,4,46,13,70,1,0,regular_viewer
888,28,51.94,59.1,32,9,12,6,27,499,1,3,46,30,66,4,0,regular_viewer
889,39,64.34,96.03,74,11,34,5,21,399,0,4,38,67,113,3,0,binge_watcher
890,58,49.49,15.18,44,7,4,6,35,499,2,1,31,7,16,4,0,regular_viewer
891,42,9.33,13.7,8,1,1,0,4,399,3,25,6,2,7,1,0,at_risk_user
892,34,36.43,77.42,20,10,11,7,9,499,0,0,45,6,53,3,0,regular_viewer
893,51,23.32,35.84,10,1,4,2,14,299,0,9,15,2,18,1,1,casual_viewer
894,27,11.65,25.81,20,8,1,1,14,399,0,4,3,4,10,1,0,casual_viewer
895,51,19.36,39.78,9,3,4,2,8,399,1,6,2,5,8,2,0,casual_viewer
896,49,9.54,30.48,6,0,1,2,23,499,1,47,1,5,10,2,1,at_risk_user
897,40,77.34,119.41,69,30,18,4,13,399,3,1,67,69,71,5,0,binge_watcher
898,51,55.18,71.74,37,11,8,4,31,499,2,0,43,31,12,2,1,regular_viewer
899,57,44.82,40.48,23,15,9,6,7,399,0,4,34,11,32,1,0,regular_viewer
900,31,93.42,90.97,46,26,23,0,9,399,3,1,58,55,29,3,0,binge_watcher
901,37,135.47,131.19,48,32,15,4,3,399,2,1,79,44,67,5,0,binge_watcher
902,33,14.66,28.58,20,7,4,2,4,399,1,3,13,6,13,2,1,casual_viewer
903,49,17.98,36.74,17,7,0,3,3,299,0,6,3,2,16,1,0,casual_viewer
904,36,60.22,53.41,40,11,8,5,15,499,2,4,16,29,17,4,0,regular_viewer
905,23,3.58,18.44,3,4,0,1,16,299,1,28,0,3,2,1,1,at_risk_user
906,40,56.71,91.79,34,22,17,16,20,699,0,2,45,92,36,4,0,premium_loyal_user
907,29,6.42,26.87,1,3,1,0,10,499,1,28,2,5,3,2,1,at_risk_user
908,48,51.81,64.76,34,9,12,2,10,499,0,1,53,7,36,1,0,regular_viewer
909,38,15.71,39.86,7,4,0,3,1,299,1,6,7,0,19,1,0,casual_viewer
910,55,89.92,75.05,43,20,15,18,65,699,1,4,72,64,160,6,0,premium_loyal_user
911,47,4.32,20.07,3,2,2,2,6,399,3,24,5,5,0,2,1,at_risk_user
912,47,7.56,48.19,19,4,3,1,14,399,0,15,13,6,15,2,0,casual_viewer
913,43,37.24,78.9,22,16,12,2,13,399,2,3,46,11,70,3,1,regular_viewer
914,42,99.56,98.8,54,16,24,2,18,399,3,2,129,67,26,3,0,binge_watcher
915,23,72.23,69.47,62,15,26,0,25,399,3,4,115,37,54,3,0,binge_watcher
916,43,100.97,152.29,64,17,35,2,27,499,2,4,127,19,106,2,0,binge_watcher
917,18,28.62,23.36,11,2,2,2,4,299,0,12,2,5,20,2,0,casual_viewer
918,55,65.08,94.48,44,11,20,12,28,699,0,3,55,88,151,7,0,premium_loyal_user
919,38,44.44,140.22,79,17,15,2,17,399,0,1,78,75,68,5,0,binge_watcher
920,41,25.22,28.31,8,8,0,3,11,399,1,5,11,1,6,1,0,casual_viewer
921,22,127.27,167.04,77,16,32,5,12,699,0,2,107,78,22,5,1,binge_watcher
922,36,47.89,71.37,34,5,11,3,34,399,0,3,54,14,26,4,1,regular_viewer
923,37,45.0,34.67,32,15,5,3,23,399,0,0,57,23,11,3,0,regular_viewer
924,42,3.29,30.95,5,3,1,1,17,399,4,59,5,1,5,3,1,at_risk_user
925,36,16.61,61.4,20,2,2,0,1,299,0,10,2,2,12,1,0,casual_viewer
926,30,71.37,83.11,25,18,21,18,57,699,0,4,120,78,115,5,0,premium_loyal_user
927,25,21.08,37.27,20,2,1,0,12,299,0,16,7,3,2,1,0,casual_viewer
928,24,83.2,127.78,66,29,34,2,18,499,0,3,53,79,20,2,0,binge_watcher
929,27,23.66,24.12,9,2,0,1,3,399,0,8,12,4,20,2,0,casual_viewer
930,47,44.95,73.79,25,13,4,6,34,499,1,2,14,6,14,4,0,regular_viewer
931,64,70.56,65.92,53,8,19,14,23,899,1,4,126,28,107,5,0,premium_loyal_user
932,42,44.44,42.86,33,9,11,3,23,399,0,2,12,27,32,4,0,regular_viewer
933,45,24.14,67.28,32,7,6,6,30,499,1,0,18,30,30,4,1,regular_viewer
934,30,82.23,147.33,77,15,16,2,9,399,0,3,90,34,54,4,0,binge_watcher
935,30,36.78,95.29,35,9,7,2,21,499,1,6,20,20,52,1,0,regular_viewer
936,38,15.76,19.2,8,4,4,3,13,299,1,18,0,4,6,2,0,casual_viewer
937,31,76.41,100.57,68,19,22,5,28,699,1,2,102,75,28,2,0,binge_watcher
938,33,59.35,52.18,45,10,11,7,14,499,2,5,54,11,67,2,1,regular_viewer
939,61,80.64,82.66,62,15,21,17,33,899,1,0,80,85,147,3,0,premium_loyal_user
940,38,24.08,41.82,15,5,0,3,7,299,1,7,11,0,16,1,0,casual_viewer
941,40,21.12,22.72,8,5,2,3,6,299,2,9,3,4,2,1,0,casual_viewer
942,35,47.65,44.78,44,18,4,3,14,399,0,4,11,5,51,4,0,regular_viewer
943,29,35.73,64.84,23,14,11,7,16,399,1,7,27,11,55,4,0,regular_viewer
944,28,103.91,121.08,55,27,27,5,7,499,3,4,33,70,102,4,0,binge_watcher
945,22,39.52,49.58,42,14,4,5,7,399,1,1,14,9,19,1,0,regular_viewer
946,33,11.17,26.64,6,2,0,1,11,299,4,39,8,0,8,2,1,at_risk_user
947,29,40.87,58.07,24,12,6,1,30,499,0,3,13,25,53,1,0,regular_viewer
948,39,65.64,85.71,39,12,21,6,50,899,1,3,136,101,120,6,0,premium_loyal_user
949,56,93.5,89.2,51,25,9,4,30,699,0,1,114,82,35,5,0,premium_loyal_user
950,29,61.22,121.98,60,16,16,8,3,699,2,2,101,62,85,5,0,binge_watcher
951,34,15.3,44.21,10,7,0,2,8,299,1,15,6,2,4,1,0,casual_viewer
952,31,20.4,49.84,17,5,1,2,6,399,0,10,8,3,17,1,0,casual_viewer
953,29,20.61,28.73,17,7,2,3,7,299,1,18,9,3,3,1,1,casual_viewer
954,64,72.14,85.84,42,8,12,11,42,699,0,0,87,47,117,4,1,premium_loyal_user
955,48,83.85,93.61,26,17,20,4,25,899,0,2,98,46,50,3,0,premium_loyal_user
956,29,9.69,22.34,4,3,2,2,18,399,3,15,7,0,11,3,0,at_risk_user
957,42,24.91,37.63,19,8,3,1,1,299,2,5,8,4,16,1,1,casual_viewer
958,35,21.77,33.22,17,8,0,0,14,399,2,18,7,0,10,2,0,casual_viewer
959,50,35.71,55.99,29,16,12,5,10,499,2,5,36,10,47,4,0,regular_viewer
960,36,11.59,32.76,8,4,1,1,14,299,5,30,2,2,5,3,1,at_risk_user
961,35,80.59,74.45,65,12,17,9,52,699,0,1,145,108,85,3,0,premium_loyal_user
962,50,3.34,19.03,10,0,1,2,22,299,6,28,5,3,1,2,1,at_risk_user
963,60,86.84,76.54,50,15,17,9,65,899,0,1,121,102,93,4,0,premium_loyal_user
964,30,6.22,5,9,0,1,0,3,499,3,29,6,2,3,3,1,at_risk_user
965,30,8.99,22.33,2,1,0,2,3,299,3,42,1,3,5,3,1,at_risk_user
966,27,85.36,147.62,54,23,31,7,23,699,0,5,92,19,83,4,0,binge_watcher
967,50,51.33,48.7,35,17,5,4,28,499,2,7,11,17,12,4,0,regular_viewer
968,34,15.6,33.64,17,2,3,3,12,399,0,18,1,5,10,2,0,casual_viewer
969,20,39.58,41.59,39,17,4,5,20,399,2,2,39,13,54,4,0,regular_viewer
970,41,117.78,136.2,79,26,27,2,17,499,1,0,67,57,74,2,0,binge_watcher
971,22,9.45,31.86,1,3,2,2,6,399,1,33,2,1,5,3,1,at_risk_user
972,48,53.73,25.95,21,6,6,2,10,399,1,7,33,30,54,4,0,regular_viewer
973,40,79.75,150.82,61,25,13,4,16,699,3,0,38,26,53,4,0,binge_watcher
974,35,62.0,43.05,21,5,6,1,24,399,2,3,38,26,44,3,0,regular_viewer
975,31,40.68,56.33,19,8,7,2,15,399,2,6,10,16,13,1,0,regular_viewer
976,36,79.98,120.46,43,20,19,7,28,399,1,5,90,76,81,3,0,binge_watcher
977,60,31.19,38.75,20,7,6,7,22,399,0,7,42,7,46,2,0,regular_viewer
978,65,63.08,94.82,41,21,8,16,45,699,1,3,43,44,120,5,0,premium_loyal_user
979,45,101.21,185.33,65,29,28,6,23,699,1,1,106,51,83,2,0,binge_watcher
980,22,9.33,27.92,18,3,0,2,5,399,1,17,10,4,18,2,1,casual_viewer
981,55,55.22,83.72,62,25,22,14,56,699,1,2,51,108,97,5,0,premium_loyal_user
982,20,94.86,147.13,52,19,31,8,10,499,2,1,102,39,64,4,0,binge_watcher
983,46,42.59,79.92,39,15,7,7,25,399,2,4,22,26,53,3,0,regular_viewer
984,24,102.06,89.7,46,13,35,4,23,399,1,4,111,58,43,5,0,binge_watcher
985,37,55.1,53.16,28,7,8,5,8,499,0,6,45,17,10,1,0,regular_viewer
986,49,1,29.73,10,2,2,2,14,299,3,17,6,5,7,3,0,at_risk_user
987,40,49.62,66.47,29,17,4,1,33,399,1,1,45,22,27,2,0,regular_viewer
988,61,6.99,23.19,10,0,0,0,11,499,6,31,4,3,3,1,0,at_risk_user
989,42,92.6,160.32,50,14,12,8,21,499,1,1,79,41,89,2,1,binge_watcher
990,35,19.13,29.24,9,7,1,1,8,299,0,10,8,1,1,1,0,casual_viewer
991,58,51.37,46.78,25,6,5,4,28,499,1,2,57,33,34,4,0,regular_viewer
992,38,82.85,70.84,58,18,13,4,49,899,1,4,66,67,53,3,0,premium_loyal_user
993,30,103.98,149.82,48,20,23,6,11,399,2,1,78,75,23,3,0,binge_watcher
994,19,13.77,42.1,12,1,3,3,12,399,1,5,13,4,12,1,0,casual_viewer
995,34,5.59,22.74,10,4,2,2,7,299,4,37,0,1,1,3,1,at_risk_user
996,53,20.32,36.51,20,5,3,1,5,299,1,11,5,3,14,2,0,casual_viewer
997,23,12.33,24.22,18,3,2,3,7,299,0,3,6,1,3,1,0,casual_viewer
998,59,81.88,99.11,48,13,10,12,29,699,0,2,149,41,133,5,0,premium_loyal_user
999,50,22.74,27.63,8,1,3,1,14,299,0,14,8,7,8,2,0,casual_viewer
1000,33,22.3,48.94,6,2,3,1,1,399,1,18,12,8,18,2,1,casual_viewer
1001,53,36.71,76.25,40,18,10,7,14,499,0,8,41,9,61,1,0,regular_viewer
1002,29,99.87,113.38,61,22,24,4,14,399,2,3,55,17,47,5,0,binge_watcher
1003,53,87.56,61.15,33,17,14,7,27,699,0,3,72,82,86,6,0,premium_loyal_user
1004,33,34.91,63.55,19,8,6,6,35,399,1,5,13,16,39,4,1,regular_viewer
1005,29,58.55,75.25,57,25,15,4,72,899,0,2,82,44,74,7,0,premium_loyal_user
1006,27,7.82,10.45,1,0,2,0,21,499,3,15,7,3,5,3,1,at_risk_user
1007,27,73.15,162.13,72,13,26,7,16,699,0,5,129,79,28,3,1,binge_watcher
1008,48,43.35,38.84,22,7,7,1,25,499,1,6,24,6,12,3,0,regular_viewer
1009,44,12.34,29.74,19,3,3,2,4,299,0,8,1,4,16,1,0,casual_viewer
1010,28,12.15,17.22,2,3,1,2,24,399,4,30,8,4,11,2,1,at_risk_user
1011,29,35.62,35.23,36,13,8,7,25,399,0,0,37,20,27,3,1,regular_viewer
1012,45,57.7,66.36,43,18,8,1,32,399,2,3,60,12,66,2,0,regular_viewer
1013,24,15.69,21.52,12,7,3,2,5,299,0,8,15,1,11,1,0,casual_viewer
1014,34,34.36,110.58,46,19,9,8,33,899,1,3,115,47,86,6,0,premium_loyal_user
1015,59,48.04,47.21,37,10,10,7,8,399,0,1,60,28,10,2,0,regular_viewer
1016,25,61.28,49.32,40,15,6,1,6,499,0,0,18,14,63,3,0,regular_viewer
1017,62,4.75,31.16,1,1,1,1,4,299,5,19,0,4,0,1,1,at_risk_user
1018,49,12.19,29.55,10,4,0,2,10,299,1,43,4,1,10,3,1,at_risk_user
1019,34,44.05,56.45,45,10,6,6,21,499,1,8,29,14,51,4,0,regular_viewer
1020,37,6.62,16.65,8,1,2,0,2,299,1,51,1,1,1,2,0,at_risk_user
1021,43,72.92,57.76,62,15,19,11,45,899,0,4,133,95,73,4,0,premium_loyal_user
1022,29,101.5,140.2,39,11,13,4,15,399,3,3,114,65,120,4,0,binge_watcher
1023,52,49.44,46.97,61,13,8,17,68,699,1,3,51,82,147,5,0,premium_loyal_user
1024,33,3.34,21.16,5,1,2,0,14,299,1,54,5,5,5,3,1,at_risk_user
1025,48,20.14,5,9,4,1,2,11,399,2,15,6,6,2,2,1,casual_viewer
1026,27,65.67,113.65,37,19,22,0,16,699,0,3,83,74,97,3,1,binge_watcher
1027,39,57.96,89.77,27,15,18,18,55,899,1,2,40,87,64,3,0,premium_loyal_user
1028,40,57.31,96.51,29,16,16,17,52,899,0,4,151,101,135,5,0,premium_loyal_user
1029,33,107.44,123.64,77,27,21,1,10,499,2,1,99,40,21,5,0,binge_watcher
1030,33,104.41,126.91,51,15,33,4,24,499,3,1,84,41,113,3,0,binge_watcher
1031,43,63.15,105.95,60,10,9,6,25,699,0,0,139,54,158,4,0,premium_loyal_user
1032,27,26.01,59.92,35,12,12,1,21,499,0,5,60,7,32,2,0,regular_viewer
1033,34,15.96,8.93,15,2,0,1,3,399,0,9,15,5,1,2,1,casual_viewer
1034,52,84.3,98.07,50,14,10,7,57,899,0,1,146,104,154,6,0,premium_loyal_user
1035,40,40.83,52.2,19,5,11,2,6,499,0,5,51,15,36,1,1,regular_viewer
1036,30,74.49,91.03,58,25,20,5,55,699,1,3,110,90,127,5,0,premium_loyal_user
1037,65,64.69,99.21,52,17,8,17,24,699,1,1,129,53,139,6,1,premium_loyal_user
1038,46,71.99,55.22,29,6,11,3,29,499,1,0,11,14,30,2,0,regular_viewer
1039,58,46.61,63.82,48,11,9,8,67,899,1,0,63,93,62,7,0,premium_loyal_user
1040,35,14.18,53.8,18,2,4,2,9,399,0,15,1,4,14,1,0,casual_viewer
1041,23,47.9,65.06,36,5,5,4,7,499,1,6,44,8,26,2,0,regular_viewer
1042,43,95.25,150.25,46,30,30,1,23,399,3,1,123,31,41,3,1,binge_watcher
1043,51,23.57,23.88,17,4,3,1,1,399,0,15,6,8,10,2,0,casual_viewer
1044,44,10.79,18.06,4,4,0,2,14,399,6,52,7,0,1,2,1,at_risk_user
1045,33,45.6,69.7,62,11,18,7,26,699,0,1,135,25,128,3,0,premium_loyal_user
1046,31,17.51,40.78,6,4,0,0,7,299,1,9,14,2,5,1,1,casual_viewer
1047,46,36.25,72.53,26,12,7,7,26,399,0,6,32,11,65,2,0,regular_viewer
1048,45,8.3,22.21,8,1,0,0,24,399,5,32,3,3,1,2,0,at_risk_user
1049,47,46.35,43.14,42,13,5,5,20,499,1,3,38,11,54,3,0,regular_viewer
1050,35,9.51,27.37,3,0,0,2,16,399,2,49,8,5,2,1,1,at_risk_user
1051,36,42.06,48.89,39,13,8,6,18,399,0,1,25,33,28,3,0,regular_viewer
1052,60,82.1,66.49,58,13,18,11,51,699,0,0,81,108,133,7,0,premium_loyal_user
1053,50,46.67,66.74,27,16,10,3,28,499,2,3,50,17,52,3,0,regular_viewer
1054,32,51.84,51.54,45,10,9,4,30,399,2,5,41,12,37,1,0,regular_viewer
1055,26,19.41,58.92,9,8,3,0,2,399,2,7,7,3,7,2,0,casual_viewer
1056,57,19.08,84.97,38,14,11,2,8,499,0,1,15,30,26,2,0,regular_viewer
1057,35,110.08,165.86,35,25,18,6,13,399,0,4,104,44,93,4,0,binge_watcher
1058,29,95.48,89.31,45,10,35,1,23,699,0,5,65,39,42,3,0,binge_watcher
1059,29,19.37,42.75,8,5,3,0,11,399,0,7,1,1,7,2,0,casual_viewer
1060,37,10.16,13.76,2,1,1,1,1,299,3,16,8,1,10,2,0,at_risk_user
1061,38,83.92,93.28,52,15,19,17,28,899,1,3,60,96,103,7,0,premium_loyal_user
1062,31,31.36,42.86,26,10,8,5,12,399,0,6,28,17,59,4,1,regular_viewer
1063,32,72.25,76.03,28,15,19,15,52,699,1,3,156,103,109,4,0,premium_loyal_user
1064,32,19.35,26.52,6,2,1,0,6,299,1,11,10,8,5,1,0,casual_viewer
1065,33,56.29,80.39,40,15,5,5,10,499,0,6,56,25,44,1,0,regular_viewer
1066,30,31.87,17.23,28,5,4,7,6,399,2,0,56,5,15,3,0,regular_viewer
1067,65,64.65,81.16,37,23,20,5,46,899,0,4,43,39,80,5,0,premium_loyal_user
1068,50,11.88,19.11,10,3,0,1,10,399,1,18,2,2,6,2,0,casual_viewer
1069,45,66.87,88.55,52,22,8,4,56,699,0,2,153,51,83,5,0,premium_loyal_user
1070,51,17.46,41.76,12,2,1,3,3,399,2,10,10,5,2,2,0,casual_viewer
1071,54,16.76,37.48,17,1,3,0,7,299,0,16,14,5,1,1,0,casual_viewer
1072,21,28.81,24.52,10,2,4,0,5,399,2,8,15,7,8,1,0,casual_viewer
1073,58,60.92,70.44,40,12,18,5,27,899,1,1,106,93,117,5,0,premium_loyal_user
1074,33,25.33,21.14,8,6,4,3,4,299,1,11,2,7,2,2,0,casual_viewer
1075,42,13.35,40.12,6,2,0,0,13,299,6,57,5,2,8,3,0,at_risk_user
1076,19,14.69,23.21,10,7,2,2,9,299,0,6,11,3,18,1,1,casual_viewer
1077,28,26.56,66.06,19,15,9,1,15,399,1,3,23,34,23,2,1,regular_viewer
1078,37,75.48,72.76,45,11,14,15,32,699,0,0,52,96,93,7,0,premium_loyal_user
1079,32,50.31,78.23,37,15,17,5,58,699,1,1,57,71,117,5,1,premium_loyal_user
1080,44,23.89,19.79,7,8,2,3,2,399,2,16,0,0,6,1,1,casual_viewer
1081,19,4.91,17.82,7,0,2,0,20,499,1,29,6,2,7,3,1,at_risk_user
1082,38,50.96,41.89,41,11,4,5,27,399,1,5,49,30,32,2,1,regular_viewer
1083,22,22.36,12.34,16,5,0,2,4,299,1,18,10,0,19,1,1,casual_viewer
1084,30,47.32,51.93,24,14,12,2,8,399,1,4,31,15,36,1,0,regular_viewer
1085,62,7.84,7.43,3,4,2,1,24,299,3,54,0,2,3,2,1,at_risk_user
1086,22,40.54,59.18,41,7,10,7,33,399,0,3,13,21,66,2,0,regular_viewer
1087,58,62.2,76.01,18,11,6,6,20,399,1,3,16,35,21,2,0,regular_viewer
1088,23,49.9,43.69,23,11,5,4,26,499,1,8,51,33,19,2,1,regular_viewer
1089,43,69.99,79.83,40,17,22,12,18,899,0,2,78,50,96,7,0,premium_loyal_user
1090,31,107.59,130.84,58,29,35,1,4,399,2,3,118,17,97,2,0,binge_watcher
1091,55,6.1,6.34,5,4,0,0,23,399,3,51,2,3,12,3,1,at_risk_user
1092,38,72.87,143.72,59,34,33,4,20,699,3,0,96,52,38,4,0,binge_watcher
1093,36,95.18,150.07,41,19,12,8,12,699,1,1,54,28,43,3,0,binge_watcher
1094,45,11.66,43.7,6,7,4,0,9,399,0,15,3,7,14,1,0,casual_viewer
1095,31,12.75,61.74,17,4,4,1,6,399,2,10,4,8,1,2,1,casual_viewer
1096,44,9.52,19.07,3,4,2,1,11,299,5,23,6,4,12,2,1,at_risk_user
1097,35,24.32,43.41,15,7,2,3,11,299,0,3,15,6,4,1,1,casual_viewer
1098,45,32.09,63.07,32,16,21,7,67,899,1,4,59,50,110,5,0,premium_loyal_user
1099,22,56.55,37.55,23,12,7,1,6,499,2,6,34,7,13,1,0,regular_viewer
1100,57,71.83,92.07,37,18,21,17,72,699,0,0,88,87,42,7,0,premium_loyal_user
1101,22,21.31,26.77,13,7,1,1,14,399,2,16,4,0,12,1,0,casual_viewer
1102,51,32.41,67.39,30,7,4,6,36,499,0,6,58,32,36,2,0,regular_viewer
1103,55,49.98,36.32,33,16,11,4,35,399,0,1,59,29,26,1,0,regular_viewer
1104,35,91.17,199.02,47,16,26,3,5,399,2,2,121,36,45,4,1,binge_watcher
1105,49,41.1,58.31,18,8,6,6,9,399,2,2,10,17,17,2,0,regular_viewer
1106,50,23.2,33.65,13,8,4,2,7,299,0,9,14,1,18,2,0,casual_viewer
1107,41,129.93,111.5,55,11,16,6,12,699,0,0,85,50,56,2,0,binge_watcher
1108,34,20.98,24.47,14,2,1,3,12,399,2,8,5,1,1,1,0,casual_viewer
1109,62,60.73,82.42,65,14,12,12,44,699,1,3,140,107,112,6,0,premium_loyal_user
1110,34,53.79,46.77,21,18,12,2,23,499,1,0,31,12,46,4,1,regular_viewer
1111,55,9.8,30.28,12,2,3,3,12,299,1,18,7,6,17,1,1,casual_viewer
1112,18,15.62,39.69,16,3,1,1,11,399,1,8,2,6,12,1,1,casual_viewer
1113,32,120.31,108.56,60,28,16,1,19,699,1,0,103,32,61,5,1,binge_watcher
1114,27,52.65,77.13,42,15,14,13,56,899,0,1,56,24,143,5,0,premium_loyal_user
1115,62,7.25,8.85,9,3,2,2,23,499,3,46,4,5,2,2,1,at_risk_user
1116,59,30.95,58.38,38,6,8,3,20,499,0,7,15,16,69,2,0,regular_viewer
1117,32,85.82,136.74,77,15,12,7,11,499,0,4,38,74,83,5,0,binge_watcher
1118,54,24.14,27.77,17,3,1,2,9,299,1,4,10,8,1,2,0,casual_viewer
1119,43,95.46,134.11,52,10,33,5,27,499,3,5,109,57,107,5,0,binge_watcher
1120,25,24.35,57.39,8,6,2,2,5,299,2,15,14,6,7,1,0,casual_viewer
1121,43,74.44,97.46,33,25,19,13,72,899,1,1,150,44,104,7,0,premium_loyal_user
1122,30,43.98,82.73,28,7,12,7,16,499,0,5,34,10,46,2,0,regular_viewer
1123,45,89.37,100.86,73,35,33,5,6,399,0,4,120,65,67,4,0,binge_watcher
1124,34,93.57,152.58,70,20,12,5,27,499,2,2,58,15,44,4,0,binge_watcher
1125,50,19.06,30.78,19,2,3,3,3,299,0,13,7,4,2,1,1,casual_viewer
1126,37,22.25,40.27,7,6,2,1,2,299,2,8,11,3,14,2,1,casual_viewer
1127,24,8.31,31.46,6,0,0,2,9,299,6,55,1,2,12,1,0,at_risk_user
1128,49,35.9,72.35,21,16,12,4,23,399,2,2,58,20,10,3,0,regular_viewer
1129,50,6.35,31.04,11,7,1,1,6,399,1,4,10,8,14,2,0,casual_viewer
1130,30,55.11,77.92,34,10,8,5,26,499,2,6,33,30,65,3,0,regular_viewer
1131,43,73.45,93.5,64,11,9,16,62,899,1,0,57,20,147,3,0,premium_loyal_user
1132,48,57.22,66.65,39,10,11,6,59,699,1,2,48,46,35,5,0,premium_loyal_user
1133,31,13.77,25.6,17,3,0,2,5,399,2,15,12,7,5,2,1,casual_viewer
1134,25,60.88,152.86,63,33,21,6,7,699,0,1,76,80,114,3,1,binge_watcher
1135,24,27.15,55.62,23,16,12,7,32,399,2,2,22,31,14,2,0,regular_viewer
1136,18,12.14,22.99,6,7,0,0,9,299,1,11,15,2,7,2,0,casual_viewer
1137,42,73.58,131.0,40,31,26,2,28,399,2,3,89,56,53,4,0,binge_watcher
1138,28,30.57,80.61,19,10,6,5,8,499,1,8,25,28,16,4,0,regular_viewer
1139,53,90.93,78.61,36,10,15,14,31,699,1,1,158,92,118,7,1,premium_loyal_user
1140,19,6.87,26.92,10,4,2,0,24,399,2,20,6,2,10,3,0,at_risk_user
1141,55,38.02,56.55,23,10,9,6,36,399,2,8,23,15,45,3,0,regular_viewer
1142,47,17.0,10.25,9,3,3,2,4,299,2,13,8,4,19,2,0,casual_viewer
1143,36,85.99,69.78,62,22,8,6,54,699,1,0,60,27,77,4,0,premium_loyal_user
1144,42,74.18,119.45,42,16,27,5,7,699,1,1,49,18,106,2,0,binge_watcher
1145,23,39.11,57.25,19,9,12,4,25,499,2,8,42,32,46,4,0,regular_viewer
1146,41,15.2,25.2,9,7,0,0,4,299,1,12,7,6,3,2,0,casual_viewer
1147,28,29.66,28.08,15,2,0,1,11,299,2,14,0,1,10,1,0,casual_viewer
1148,41,88.87,124.32,47,10,30,6,18,399,1,5,105,78,31,2,0,binge_watcher
1149,27,17.66,29.09,8,2,3,3,8,299,0,6,2,1,4,2,0,casual_viewer
1150,29,26.03,39.32,6,8,1,2,11,399,0,9,6,0,10,1,0,casual_viewer
1151,54,51.26,60.79,38,15,8,7,22,399,0,4,21,8,15,3,0,regular_viewer
1152,30,88.01,114.08,56,10,30,5,7,399,2,3,46,17,95,3,0,binge_watcher
1153,42,41.6,31.76,20,17,4,7,35,399,2,5,18,29,54,4,0,regular_viewer
1154,39,77.4,83.24,42,14,14,18,40,899,1,3,79,36,62,3,0,premium_loyal_user
1155,27,35.99,40.85,20,1,3,0,6,299,1,10,15,4,2,1,0,casual_viewer
1156,23,7.16,45.0,6,7,1,1,3,399,2,6,10,5,9,1,1,casual_viewer
1157,38,122.95,127.07,53,11,19,0,6,399,2,3,93,72,67,5,0,binge_watcher
1158,24,35.8,74.53,42,10,9,3,19,399,0,4,40,31,16,2,0,regular_viewer
1159,47,48.0,60.08,19,17,5,7,31,399,0,3,11,30,68,4,0,regular_viewer
1160,43,15.65,63.35,13,3,3,0,9,299,2,6,11,7,4,1,0,casual_viewer
1161,31,93.11,80.47,54,10,11,12,20,899,1,0,71,26,94,4,0,premium_loyal_user
1162,36,4.84,30.48,5,3,1,0,13,299,1,59,3,0,0,3,1,at_risk_user
1163,53,40.14,45.39,40,11,8,4,6,399,0,8,10,15,22,2,0,regular_viewer
1164,46,28.1,24.21,20,7,3,1,2,399,2,5,7,2,16,1,0,casual_viewer
1165,43,6.42,24.11,6,4,0,0,4,299,4,51,7,5,7,1,1,at_risk_user
1166,34,11.54,27.3,14,2,4,2,10,299,1,10,2,5,6,1,0,casual_viewer
1167,19,100.38,103.0,73,25,24,8,18,699,1,5,38,40,79,5,0,binge_watcher
1168,49,50.08,66.93,31,21,22,10,24,699,0,3,76,26,97,6,0,premium_loyal_user
1169,31,45.82,43.97,24,16,12,6,24,499,2,1,49,19,61,1,0,regular_viewer
1170,41,78.09,101.46,33,8,11,11,21,899,0,0,51,72,42,4,0,premium_loyal_user
1171,38,103.31,87.82,41,27,14,3,14,699,3,1,44,25,76,2,0,binge_watcher
1172,38,82.31,112.88,77,26,12,1,20,499,2,2,98,32,40,2,0,binge_watcher
1173,40,1.52,19.98,4,4,1,2,12,399,1,48,2,0,12,1,1,at_risk_user
1174,48,14.2,51.08,19,3,1,3,10,299,1,15,2,1,6,2,0,casual_viewer
1175,43,108.6,160.95,70,26,16,7,26,499,3,5,111,21,54,2,0,binge_watcher
1176,25,17.42,56.18,18,7,0,2,7,299,1,10,5,7,10,1,0,casual_viewer
1177,26,47.01,43.62,43,18,10,2,15,399,2,6,54,25,28,4,0,regular_viewer
1178,36,54.74,53.74,26,12,12,3,10,399,1,0,19,22,31,1,0,regular_viewer
1179,40,14.08,30.68,16,7,2,1,1,299,1,15,7,0,14,1,1,casual_viewer
1180,29,61.69,58.52,32,14,5,4,6,399,0,4,14,11,63,1,0,regular_viewer
1181,40,54.23,108.55,63,13,21,17,31,899,0,1,67,80,127,6,0,premium_loyal_user
1182,35,52.38,63.12,35,13,5,4,16,399,0,5,27,29,29,4,0,regular_viewer
1183,24,10.16,42.51,19,4,2,2,1,399,1,5,15,7,3,1,0,casual_viewer
1184,36,95.48,85.5,69,27,35,0,15,499,1,0,64,25,76,4,0,binge_watcher
1185,31,76.66,51.5,64,13,22,10,58,899,1,4,94,98,119,7,0,premium_loyal_user
1186,62,11.97,20.6,10,4,1,1,17,399,5,33,1,2,5,3,1,at_risk_user
1187,23,55.59,73.25,41,14,6,1,33,499,1,3,54,34,34,1,0,regular_viewer
1188,23,9.44,44.07,9,7,1,3,6,299,1,7,3,8,19,2,0,casual_viewer
1189,30,89.31,125.81,73,30,32,4,28,399,2,4,104,47,42,2,0,binge_watcher
1190,44,41.7,49.06,41,18,12,5,19,499,1,6,13,15,60,4,0,regular_viewer
1191,37,13.25,57.06,13,8,2,0,10,399,1,13,7,3,17,1,0,casual_viewer
1192,43,44.48,75.25,30,17,6,7,26,399,1,5,54,14,13,1,0,regular_viewer
1193,58,31.96,88.02,18,16,10,2,33,399,0,2,19,14,21,4,0,regular_viewer
1194,62,6.09,15.54,3,2,2,0,13,299,1,19,2,2,11,1,0,at_risk_user
1195,50,9.21,15.72,9,3,0,0,18,299,1,44,8,3,7,3,1,at_risk_user
1196,24,102.82,112.77,73,21,26,0,28,499,3,1,121,67,53,3,0,binge_watcher
1197,29,42.25,26.58,19,8,12,3,13,499,1,3,37,16,54,4,0,regular_viewer
1198,32,49.22,99.81,75,15,23,4,19,399,2,1,45,44,84,4,0,binge_watcher
1199,37,59.36,66.57,31,9,8,6,17,499,2,7,31,28,19,2,0,regular_viewer
1200,26,21.26,32.63,17,8,2,3,11,299,1,17,12,3,8,2,0,casual_viewer
